date,site_id,plot_id,behaviour,caste,flower_code,flower_species,bee_code,bee_species
4/13/2024,chong_96,field,flying,queen,na,na,na,unknown
4/13/2024,chong_96,field,flying,queen,na,na,na,unknown
4/13/2024,chong_96,ditch,flying,queen,na,na,boim,bombus_impatiens
4/13/2024,chong_96,ditch,nest_searching,queen,na,na,bovo,bombus_vosnesenskii
4/13/2024,chong_96,ditch,flying,queen,na,na,boim,bombus_impatiens
4/13/2024,chong_96,ditch,flying,queen,na,na,boim,bombus_impatiens
4/13/2024,chong_96,ditch,nest_searching,queen,na,na,boim,bombus_impatiens
4/13/2024,chong_96,ditch,nest_searching,queen,na,na,boim,bombus_impatiens
4/13/2024,chong_96,ditch,flying,queen,na,na,na,unknown
4/15/2024,bates_57b,field,flying,unknown,na,na,na,unknown
4/15/2024,bates_57b,field,flying,unknown,na,na,na,unknown
4/15/2024,bates_57b,field,flying,unknown,na,na,na,unknown
4/15/2024,bates_57b,field,flying,unknown,na,na,na,unknown
4/15/2024,bates_57b,field,nest_searching,queen,na,na,na,unknown
4/15/2024,bates_57b,field,nest_searching,queen,na,na,na,unknown
4/15/2024,bates_57b,field,foraging,unknown,vaco,vaccinium_corymbosum,na,unknown
4/15/2024,bates_57b,field,foraging,unknown,taof,taraxacum_officinale,na,unknown
4/15/2024,bates_57b,field,foraging,worker,taof,taraxacum_officinale,boim,bombus_impatiens
4/15/2024,bates_57b,field,nest_searching,queen,na,na,bovo,bombus_vosnesenskii
4/15/2024,bates_57b,field,flying,unknown,na,na,na,unknown
4/15/2024,bates_57b,field,flying,unknown,na,na,na,unknown
4/15/2024,bates_57b,field,foraging,unknown,vaco,vaccinium_corymbosum,bovo,bombus_vosnesenskii
4/15/2024,bates_57b,field,foraging,unknown,vaco,vaccinium_corymbosum,boim,bombus_impatiens
4/15/2024,bates_57b,field,flying,unknown,na,na,na,unknown
4/18/2024,bks_68,field,nest_searching,queen,na,na,na,unknown
4/18/2024,bks_68,field,flying,unknown,na,na,boim,bombus_impatiens
4/18/2024,bks_68,field,foraging,unknown,vaco,vaccinium_corymbosum,boim,bombus_impatiens
4/18/2024,bks_68,field,flying,unknown,na,na,boim,bombus_impatiens
4/18/2024,bks_68,field,foraging,worker,vaco,vaccinium_corymbosum,boim,bombus_impatiens
4/18/2024,bks_96,field,foraging,worker,vaco,vaccinium_corymbosum,boim,bombus_impatiens
4/18/2024,bks_96,field,flying,queen,na,na,bomi,bombus_mixtus
4/18/2024,bks_96,field,flying,queen,na,na,bomi,bombus_mixtus
4/18/2024,bks_96,field,flying,queen,na,na,na,unknown
4/18/2024,bks_96,field,flying,queen,na,na,na,unknown
4/18/2024,bks_96,field,flying,queen,na,na,na,unknown
4/18/2024,bks_96,field,flying,queen,na,na,na,unknown
4/19/2024,bks_56,field,nest_searching,unknown,na,na,na,unknown
4/19/2024,bks_56,ditch,nest_searching,queen,na,na,boim,bombus_impatiens
4/19/2024,bks_56,ditch,nest_searching,queen,na,na,boim,bombus_impatiens
4/19/2024,bks_56,ditch,nest_searching,queen,na,na,boim,bombus_impatiens
4/19/2024,bks_56,ditch,nest_searching,queen,na,na,boim,bombus_impatiens
4/19/2024,bks_56,field,nest_searching,queen,na,na,boim,bombus_impatiens
4/19/2024,bates_57b,ditch,nest_searching,queen,na,na,boim,bombus_impatiens
4/19/2024,bates_57b,ditch,nest_searching,queen,na,na,na,unknown
4/19/2024,bates_57b,ditch,flying,queen,na,na,boim,bombus_impatiens
4/19/2024,bates_57b,ditch,flying,queen,na,na,bovo,bombus_vosnesenskii
4/19/2024,bates_57b,ditch,flying,queen,na,na,bovo,bombus_vosnesenskii
4/19/2024,bates_57b,ditch,flying,queen,na,na,na,unknown
4/19/2024,bates_57b,ditch,flying,queen,na,na,na,unknown
4/19/2024,bates_57b,ditch,flying,male,na,na,boim,bombus_impatiens
4/19/2024,bates_57b,ditch,flying,male,na,na,boim,bombus_impatiens
4/19/2024,bates_57b,ditch,nest_searching,queen,na,na,boim,bombus_impatiens
4/19/2024,bates_57b,ditch,nest_searching,queen,na,na,boru,bombus_rufocinctus
4/19/2024,bates_57b,ditch,flying,male,na,na,boim,bombus_impatiens
4/19/2024,bates_57b,ditch,flying,male,na,na,boim,bombus_impatiens
4/19/2024,bates_57b,ditch,flying,male,na,na,boim,bombus_impatiens
4/19/2024,bates_57b,ditch,flying,male,na,na,boim,bombus_impatiens
4/19/2024,bates_57b,ditch,foraging,queen,taof,taraxacum_officinale,boim,bombus_impatiens
4/19/2024,bates_57b,ditch,flying,queen,na,na,boim,bombus_impatiens
4/21/2024,chong_68,field,foraging,unknown,vaco,vaccinium_corymbosum,bomi,bombus_mixtus
4/21/2024,chong_68,field,nest_searching,queen,na,na,bovo,bombus_vosnesenskii
4/21/2024,chong_68,field,nest_searching,unknown,na,na,na,unknown
4/21/2024,chong_68,field,nest_searching,unknown,na,na,na,unknown
4/21/2024,chong_68,field,nest_searching,queen,na,na,boim,bombus_impatiens
4/21/2024,chong_68,field,foraging,queen,vaco,vaccinium_corymbosum,bovo,bombus_vosnesenskii
4/21/2024,chong_68,field,nest_searching,queen,na,na,boim,bombus_impatiens
4/21/2024,chong_68,field,foraging,unknown,vaco,vaccinium_corymbosum,na,unknown
4/21/2024,chong_68,field,nest_searching,queen,na,na,boim,bombus_impatiens
4/21/2024,chong_68,field,nest_searching,queen,na,na,boim,bombus_impatiens
4/21/2024,chong_68,field,flying,queen,na,na,boim,bombus_impatiens
4/21/2024,chong_68,field,flying,queen,na,na,boim,bombus_impatiens
4/26/2024,avtar_168,ditch,nest_searching,queen,na,na,boim,bombus_impatiens
4/26/2024,avtar_168,ditch,nest_searching,queen,na,na,boim,bombus_impatiens
4/26/2024,avtar_168,ditch,nest_searching,queen,na,na,boim,bombus_impatiens
4/26/2024,avtar_168,ditch,nest_searching,queen,na,na,bovo,bombus_vosnesenskii
4/26/2024,avtar_168,ditch,flying,queen,na,na,na,unknown
4/26/2024,avtar_168,field,foraging,queen,vaco,vaccinium_corymbosum,boru,bombus_rufocinctus
4/26/2024,avtar_168,field,foraging,queen,vaco,vaccinium_corymbosum,boim,bombus_impatiens
4/26/2024,avtar_168,field,foraging,queen,vaco,vaccinium_corymbosum,boim,bombus_impatiens
4/26/2024,avtar_168,field,foraging,queen,vaco,vaccinium_corymbosum,boim,bombus_impatiens
4/26/2024,avtar_168,field,foraging,queen,vaco,vaccinium_corymbosum,boim,bombus_impatiens
4/26/2024,avtar_168,field,foraging,queen,vaco,vaccinium_corymbosum,bovo,bombus_vosnesenskii
4/26/2024,avtar_168,field,foraging,unknown,vaco,vaccinium_corymbosum,na,unknown
4/26/2024,avtar_168,field,foraging,unknown,vaco,vaccinium_corymbosum,na,unknown
4/26/2024,avtar_168,field,foraging,unknown,vaco,vaccinium_corymbosum,na,unknown
4/26/2024,avtar_168,field,foraging,unknown,vaco,vaccinium_corymbosum,na,unknown
4/26/2024,avtar_168,field,flying,unknown,na,na,na,unknown
4/26/2024,avtar_168,field,flying,unknown,na,na,na,unknown
4/26/2024,avtar_168,field,flying,unknown,na,na,na,unknown
4/26/2024,avtar_168,field,flying,unknown,na,na,na,unknown
4/26/2024,avtar_168,field,flying,unknown,na,na,na,unknown
4/26/2024,avtar_168,field,flying,unknown,na,na,na,unknown
4/26/2024,avtar_168,field,foraging,queen,vaco,vaccinium_corymbosum,boru,bombus_rufocinctus
4/26/2024,avtar_168,field,foraging,queen,vaco,vaccinium_corymbosum,boru,bombus_rufocinctus
4/26/2024,avtar_168,field,foraging,queen,vaco,vaccinium_corymbosum,boru,bombus_rufocinctus
4/26/2024,avtar_168,field,nest_searching,queen,vaco,vaccinium_corymbosum,boim,bombus_impatiens
4/26/2024,avtar_168,field,nest_searching,queen,na,na,boim,bombus_impatiens
4/26/2024,avtar_168,field,foraging,queen,vaco,vaccinium_corymbosum,boru,bombus_rufocinctus
4/26/2024,avtar_168,field,foraging,queen,vaco,vaccinium_corymbosum,boru,bombus_rufocinctus
4/26/2024,avtar_168,field,foraging,queen,vaco,vaccinium_corymbosum,boru,bombus_rufocinctus
4/26/2024,avtar_168,field,foraging,queen,vaco,vaccinium_corymbosum,boru,bombus_rufocinctus
4/26/2024,avtar_168,field,foraging,unknown,vaco,vaccinium_corymbosum,na,unknown
4/26/2024,avtar_168,field,foraging,unknown,vaco,vaccinium_corymbosum,na,unknown
4/26/2024,avtar_168,field,foraging,queen,vaco,vaccinium_corymbosum,boim,bombus_impatiens
4/26/2024,avtar_168,field,foraging,queen,vaco,vaccinium_corymbosum,boim,bombus_impatiens
4/26/2024,avtar_168,field,flying,unknown,na,na,na,unknown
4/26/2024,surjit_168,field,foraging,queen,vaco,vaccinium_corymbosum,boim,bombus_impatiens
4/30/2024,gwb_neaves,ditch,nest_searching,queen,na,na,boim,bombus_impatiens
4/30/2024,gwb_neaves,ditch,nest_searching,queen,na,na,boim,bombus_impatiens
4/30/2024,gwb_neaves,field,nest_searching,queen,na,na,boim,bombus_impatiens
4/30/2024,gwb_neaves,field,nest_searching,queen,na,na,boim,bombus_impatiens
4/30/2024,gwb_neaves,field,flying,unknown,na,na,na,unknown
4/30/2024,gwb_neaves,field,nest_searching,queen,na,na,boim,bombus_impatiens
4/30/2024,gwb_neaves,field,nest_searching,queen,na,na,boim,bombus_impatiens
5/1/2024,bks_neaves,ditch,nest_searching,queen,na,na,boim,bombus_impatiens
5/1/2024,bks_neaves,ditch,nest_searching,queen,na,na,bovo,bombus_vosnesenskii
5/1/2024,bks_neaves,field,flying,queen,na,na,na,unknown
5/14/2024,chong_68,field,foraging,queen,vaco,vaccinium_corymbosum,boim,bombus_impatiens
5/14/2024,chong_68,field,foraging,queen,vaco,vaccinium_corymbosum,bovo,bombus_vosnesenskii
5/14/2024,chong_68,field,foraging,queen,vaco,vaccinium_corymbosum,boim,bombus_impatiens
5/14/2024,chong_68,field,flying,queen,na,na,boim,bombus_impatiens
5/14/2024,chong_68,field,foraging,queen,vaco,vaccinium_corymbosum,boim,bombus_impatiens
5/14/2024,chong_68,field,flying,queen,na,na,boim,bombus_impatiens
5/14/2024,chong_68,field,flying,queen,na,na,na,unknown
5/14/2024,bks_68,ditch,flying,queen,na,na,boim,bombus_impatiens
5/14/2024,bks_68,field,foraging,queen,vaco,vaccinium_corymbosum,na,unknown
5/14/2024,bks_68,field,flying,queen,na,na,na,unknown
5/14/2024,bks_68,field,flying,queen,na,na,na,unknown
5/14/2024,bks_68,field,flying,queen,na,na,na,unknown
5/14/2024,bks_68,field,flying,queen,na,na,na,unknown
5/14/2024,bks_68,field,flying,queen,na,na,boim,bombus_impatiens
5/14/2024,bks_68,field,foraging,queen,vaco,vaccinium_corymbosum,boim,bombus_impatiens
5/15/2024,chong_96,field,flying,queen,na,na,na,unknown
5/15/2024,chong_96,field,nest_searching,queen,na,na,bovo,bombus_vosnesenskii
5/15/2024,chong_96,field,foraging,queen,vaco,vaccinium_corymbosum,bome,bombus_melanopygus
5/15/2024,chong_96,field,flying,queen,na,na,boim,bombus_impatiens
5/15/2024,bks_96,field,foraging,queen,vaco,vaccinium_corymbosum,bovo,bombus_vosnesenskii
5/15/2024,bks_96,field,foraging,queen,vaco,vaccinium_corymbosum,boim,bombus_impatiens
5/15/2024,bks_96,field,foraging,queen,vaco,vaccinium_corymbosum,boim,bombus_impatiens
5/15/2024,bks_96,field,foraging,queen,vaco,vaccinium_corymbosum,bome,bombus_melanopygus
5/15/2024,bks_96,field,flying,queen,na,na,boim,bombus_impatiens
5/15/2024,bks_96,field,foraging,queen,vaco,vaccinium_corymbosum,boim,bombus_impatiens
5/15/2024,bks_96,field,flying,queen,na,na,na,unknown
5/15/2024,bks_96,field,foraging,queen,vaco,vaccinium_corymbosum,na,unknown
5/15/2024,bks_96,field,foraging,queen,vaco,vaccinium_corymbosum,na,unknown
5/15/2024,bks_96,ditch,nest_searching,worker,na,na,bome,bombus_melanopygus
5/15/2024,bks_96,ditch,nest_searching,worker,na,na,bomi,bombus_mixtus
5/15/2024,bks_96,ditch,flying,queen,na,na,bome,bombus_melanopygus
5/22/2024,gwb_neaves,field,flying,unknown,na,na,na,unknown
5/22/2024,gwb_neaves,ditch,nest_searching,queen,na,na,boim,bombus_impatiens
5/22/2024,gwb_neaves,ditch,nest_searching,queen,na,na,bovo,bombus_vosnesenskii
5/22/2024,bks_neaves,field,foraging,queen,vaco,vaccinium_corymbosum,bohu,bombus_huntii
5/22/2024,bks_neaves,field,foraging,worker,vaco,vaccinium_corymbosum,na,unknown
5/22/2024,bks_neaves,field,flying,queen,na,na,boim,bombus_impatiens
5/22/2024,bks_neaves,field,foraging,queen,vaco,vaccinium_corymbosum,boim,bombus_impatiens
5/22/2024,bks_neaves,field,foraging,unknown,vaco,vaccinium_corymbosum,na,unknown
5/22/2024,bks_neaves,field,foraging,queen,vaco,vaccinium_corymbosum,bohu,bombus_huntii
5/22/2024,bks_neaves,field,foraging,queen,vaco,vaccinium_corymbosum,bome,bombus_melanopygus
5/22/2024,bks_neaves,ditch,flying,queen,na,na,na,unknown
5/23/2024,avtar_168,field,flying,unknown,na,na,na,unknown
5/23/2024,avtar_168,field,flying,unknown,na,na,na,unknown
5/23/2024,avtar_168,field,flying,unknown,na,na,na,unknown
5/23/2024,avtar_168,field,flying,queen,na,na,na,unknown
5/23/2024,avtar_168,field,foraging,worker,vaco,vaccinium_corymbosum,boru,bombus_rufocinctus
5/23/2024,avtar_168,field,foraging,queen,vaco,vaccinium_corymbosum,na,unknown
5/23/2024,avtar_168,field,foraging,unknown,vaco,vaccinium_corymbosum,na,unknown
5/23/2024,avtar_168,field,foraging,worker,vaco,vaccinium_corymbosum,na,unknown
5/23/2024,avtar_168,field,foraging,worker,vaco,vaccinium_corymbosum,na,unknown
5/23/2024,avtar_168,field,flying,unknown,na,na,na,unknown
5/23/2024,avtar_168,field,flying,unknown,na,na,na,unknown
5/23/2024,avtar_168,field,flying,unknown,na,na,na,unknown
5/23/2024,avtar_168,field,flying,unknown,na,na,na,unknown
5/23/2024,avtar_168,field,flying,unknown,na,na,na,unknown
5/23/2024,avtar_168,field,flying,unknown,na,na,na,unknown
5/23/2024,avtar_168,field,foraging,worker,vaco,vaccinium_corymbosum,boim,bombus_impatiens
5/23/2024,avtar_168,field,foraging,worker,vaco,vaccinium_corymbosum,boim,bombus_impatiens
5/23/2024,avtar_168,field,foraging,worker,vaco,vaccinium_corymbosum,boim,bombus_impatiens
5/23/2024,avtar_168,field,foraging,queen,vaco,vaccinium_corymbosum,bome,bombus_melanopygus
5/23/2024,avtar_168,field,foraging,worker,vaco,vaccinium_corymbosum,boru,bombus_rufocinctus
5/23/2024,avtar_168,ditch,flying,worker,na,na,na,unknown
5/23/2024,avtar_168,ditch,unknown,unknown,na,na,na,unknown
5/24/2024,surjit_168,field,flying,unknown,na,na,na,unknown
5/24/2024,surjit_168,field,flying,unknown,na,na,na,unknown
5/24/2024,surjit_168,field,flying,unknown,na,na,na,unknown
5/24/2024,surjit_168,field,flying,unknown,na,na,na,unknown
5/24/2024,surjit_168,field,flying,unknown,na,na,na,unknown
5/24/2024,surjit_168,field,foraging,worker,vaco,vaccinium_corymbosum,bovo,bombus_vosnesenskii
5/24/2024,surjit_168,field,foraging,worker,vaco,vaccinium_corymbosum,bovo,bombus_vosnesenskii
5/24/2024,surjit_168,field,foraging,unknown,vaco,vaccinium_corymbosum,na,unknown
5/24/2024,surjit_168,ditch,flying,unknown,na,na,na,unknown
6/5/2024,lbf_ladnertrunk,field,flying,queen,na,na,boim,bombus_impatiens
6/5/2024,lbf_ladnertrunk,field,flying,unknown,na,na,na,unknown
6/5/2024,lbf_ladnertrunk,field,flying,unknown,na,na,na,unknown
6/5/2024,lbf_ladnertrunk,field,foraging,worker,vaco,vaccinium_corymbosum,boim,bombus_impatiens
6/5/2024,lbf_ladnertrunk,field,foraging,queen,vaco,vaccinium_corymbosum,bomi,bombus_mixtus
6/5/2024,lbf_ladnertrunk,field,foraging,worker,vaco,vaccinium_corymbosum,bomi,bombus_mixtus
6/5/2024,lbf_ladnertrunk,field,foraging,worker,vaco,vaccinium_corymbosum,bomi,bombus_mixtus
6/5/2024,lbf_ladnertrunk,field,foraging,queen,vaco,vaccinium_corymbosum,boru,bombus_rufocinctus
6/5/2024,lbf_ladnertrunk,field,flying,unknown,na,na,na,unknown
6/5/2024,lbf_ladnertrunk,field,foraging,worker,vaco,vaccinium_corymbosum,na,unknown
6/5/2024,lbf_ladnertrunk,field,flying,queen,na,na,na,unknown
6/5/2024,lbf_ladnertrunk,field,flying,queen,na,na,na,unknown
6/5/2024,lbf_ladnertrunk,ditch,foraging,worker,ruar,rubus_armeniacus,bomi,bombus_mixtus
6/5/2024,lbf_ladnertrunk,ditch,foraging,worker,ruar,rubus_armeniacus,bome,bombus_melanopygus
6/5/2024,lbf_ladnertrunk,ditch,foraging,worker,ruar,rubus_armeniacus,na,unknown
6/5/2024,lbf_ladnertrunk,ditch,flying,worker,na,na,na,unknown
6/5/2024,lbf_ladnertrunk,ditch,flying,queen,na,na,na,unknown
6/5/2024,lbf_ladnertrunk,ditch,nest_searching,queen,na,na,na,unknown
6/5/2024,sandhu_ladnertrunk,ditch,resting,queen,na,na,boru,bombus_rufocinctus
6/5/2024,sandhu_ladnertrunk,ditch,flying,worker,na,na,bomi,bombus_mixtus
6/5/2024,sandhu_ladnertrunk,ditch,flying,worker,na,na,bomi,bombus_mixtus
6/5/2024,sandhu_ladnertrunk,ditch,flying,worker,na,na,bomi,bombus_mixtus
6/5/2024,sandhu_ladnertrunk,ditch,flying,worker,na,na,bomi,bombus_mixtus
6/5/2024,sandhu_ladnertrunk,ditch,flying,worker,na,na,bomi,bombus_mixtus
6/5/2024,sandhu_ladnertrunk,ditch,flying,worker,na,na,bomi,bombus_mixtus
6/5/2024,sandhu_ladnertrunk,ditch,flying,queen,na,na,boru,bombus_rufocinctus
6/5/2024,sandhu_ladnertrunk,ditch,flying,worker,na,na,na,unknown
6/5/2024,sandhu_ladnertrunk,ditch,flying,worker,na,na,na,unknown
6/5/2024,sandhu_ladnertrunk,field,flying,unknown,na,na,na,unknown
6/5/2024,sandhu_ladnertrunk,field,flying,unknown,na,na,na,unknown
6/5/2024,sandhu_ladnertrunk,field,foraging,unknown,vaco,vaccinium_corymbosum,bome,bombus_melanopygus
6/5/2024,sandhu_ladnertrunk,field,flying,worker,na,na,bovo,bombus_vosnesenskii
6/5/2024,sandhu_ladnertrunk,field,flying,unknown,na,na,na,unknown
6/5/2024,sandhu_ladnertrunk,field,flying,unknown,na,na,na,unknown
6/5/2024,sandhu_ladnertrunk,field,flying,unknown,na,na,na,unknown
6/5/2024,sandhu_ladnertrunk,field,flying,unknown,na,na,na,unknown
6/5/2024,sandhu_ladnertrunk,field,flying,unknown,na,na,na,unknown
6/5/2024,sandhu_ladnertrunk,field,flying,unknown,na,na,na,unknown
6/5/2024,sandhu_ladnertrunk,field,flying,unknown,na,na,na,unknown
6/5/2024,sandhu_ladnertrunk,field,foraging,worker,vaco,vaccinium_corymbosum,bomi,bombus_mixtus
6/5/2024,sandhu_ladnertrunk,field,foraging,worker,vaco,vaccinium_corymbosum,bohu,bombus_huntii
6/6/2024,bks_56,ditch,flying,unknown,na,na,na,unknown
6/6/2024,bks_56,ditch,flying,worker,na,na,boru,bombus_rufocinctus
6/6/2024,bks_56,ditch,flying,unknown,na,na,na,unknown
6/6/2024,bks_56,ditch,foraging,worker,ronu,rosa_nutkana,boru,bombus_rufocinctus
6/6/2024,bks_56,ditch,foraging,worker,ronu,rosa_nutkana,boim,bombus_impatiens
6/6/2024,bks_56,ditch,foraging,worker,ronu,rosa_nutkana,boim,bombus_impatiens
6/6/2024,bks_56,ditch,foraging,worker,ronu,rosa_nutkana,boim,bombus_impatiens
6/6/2024,bks_56,ditch,foraging,worker,ronu,rosa_nutkana,boim,bombus_impatiens
6/6/2024,bks_56,ditch,foraging,worker,ronu,rosa_nutkana,boim,bombus_impatiens
6/6/2024,bks_56,ditch,foraging,worker,ronu,rosa_nutkana,boim,bombus_impatiens
6/6/2024,bks_56,ditch,foraging,worker,ronu,rosa_nutkana,boim,bombus_impatiens
6/6/2024,bks_56,ditch,foraging,worker,ronu,rosa_nutkana,bovo,bombus_vosnesenskii
6/6/2024,bks_56,ditch,foraging,worker,ronu,rosa_nutkana,bovo,bombus_vosnesenskii
6/6/2024,bks_56,ditch,foraging,worker,ronu,rosa_nutkana,bovo,bombus_vosnesenskii
6/6/2024,bks_56,ditch,foraging,worker,ronu,rosa_nutkana,bovo,bombus_vosnesenskii
6/6/2024,bks_56,ditch,foraging,worker,ronu,rosa_nutkana,bovo,bombus_vosnesenskii
6/6/2024,bks_56,field,flying,worker,na,na,bome,bombus_melanopygus
6/6/2024,bks_56,field,flying,worker,na,na,bome,bombus_melanopygus
6/6/2024,bks_56,field,resting,worker,na,na,bovo,bombus_vosnesenskii
6/6/2024,bks_56,field,flying,worker,na,na,na,unknown
6/6/2024,bks_56,field,foraging,worker,vaco,vaccinium_corymbosum,bomi,bombus_mixtus
6/6/2024,bks_56,field,foraging,queen,vaco,vaccinium_corymbosum,bomi,bombus_mixtus
6/6/2024,bks_56,field,foraging,worker,vaco,vaccinium_corymbosum,boim,bombus_impatiens
6/6/2024,bks_56,field,foraging,worker,vaco,vaccinium_corymbosum,boru,bombus_rufocinctus
6/6/2024,bks_56,field,foraging,worker,vaco,vaccinium_corymbosum,bome,bombus_melanopygus
6/6/2024,bks_56,field,flying,unknown,na,na,na,unknown
6/6/2024,bks_56,field,flying,unknown,na,na,na,unknown
6/6/2024,bks_56,field,flying,unknown,na,na,na,unknown
6/6/2024,bks_56,field,flying,unknown,na,na,na,unknown
6/6/2024,bks_56,field,foraging,unknown,vaco,vaccinium_corymbosum,na,unknown
6/6/2024,bks_56,field,foraging,unknown,vaco,vaccinium_corymbosum,na,unknown
6/6/2024,bks_56,field,flying,unknown,vaco,vaccinium_corymbosum,na,unknown
6/6/2024,bates_57b,ditch,flying,unknown,na,na,na,unknown
6/6/2024,bates_57b,ditch,foraging,queen,trre,trifolium_repens,boim,bombus_impatiens
6/6/2024,bates_57b,ditch,foraging,queen,trre,trifolium_repens,boim,bombus_impatiens
6/6/2024,bates_57b,ditch,foraging,unknown,trre,trifolium_repens,bomi,bombus_mixtus
6/6/2024,bates_57b,ditch,foraging,worker,trre,trifolium_repens,boim,bombus_impatiens
6/6/2024,bates_57b,ditch,foraging,worker,trre,trifolium_repens,boim,bombus_impatiens
6/6/2024,bates_57b,field,nest_searching,queen,na,na,boim,bombus_impatiens
6/6/2024,bates_57b,field,nest_searching,queen,na,na,boim,bombus_impatiens
6/6/2024,bates_57b,field,foraging,queen,vaco,vaccinium_corymbosum,na,unknown
6/6/2024,bates_57b,field,foraging,unknown,vaco,vaccinium_corymbosum,na,unknown
6/6/2024,bates_57b,field,flying,unknown,na,na,na,unknown
6/6/2024,bates_57b,field,foraging,worker,vaco,vaccinium_corymbosum,na,unknown
6/6/2024,bates_57b,field,flying,unknown,vaco,vaccinium_corymbosum,na,unknown
6/6/2024,bates_57b,field,flying,unknown,vaco,vaccinium_corymbosum,na,unknown
6/6/2024,bates_57b,field,flying,unknown,vaco,vaccinium_corymbosum,na,unknown
6/18/2024,chong_68,field,flying,queen,na,na,na,unknown
6/18/2024,chong_68,field,flying,worker,na,na,na,unknown
6/18/2024,chong_68,field,flying,worker,na,na,na,unknown
6/18/2024,chong_68,ditch,foraging,worker,vaco,vaccinium_corymbosum,bomi,bombus_mixtus
6/18/2024,chong_68,ditch,foraging,worker,vaco,vaccinium_corymbosum,na,unknown
6/18/2024,bks_68,field,flying,queen,na,na,na,unknown
6/18/2024,bks_68,field,flying,queen,na,na,na,unknown
6/18/2024,bks_68,field,flying,worker,na,na,na,unknown
6/19/2024,bks_96,field,flying,unknown,na,na,na,unknown
6/19/2024,bks_96,field,flying,unknown,na,na,na,unknown
6/19/2024,bks_96,field,flying,unknown,na,na,na,unknown
6/19/2024,bks_96,field,flying,unknown,na,na,na,unknown
6/19/2024,bks_96,field,flying,unknown,na,na,na,unknown
6/19/2024,bks_96,field,flying,queen,na,na,na,unknown
6/19/2024,bks_96,field,flying,queen,na,na,boim,bombus_impatiens
6/19/2024,bks_96,ditch,flying,unknown,na,na,na,unknown
6/19/2024,chong_96,ditch,flying,unknown,na,na,na,unknown
6/19/2024,chong_96,ditch,flying,unknown,na,na,na,unknown
6/19/2024,chong_96,ditch,foraging,unknown,trre,trifolium_repens,bohu,bombus_huntii
6/19/2024,chong_96,ditch,flying,unknown,na,na,na,unknown
6/20/2024,gwb_neaves,field,flying,unknown,na,na,na,unknown
6/20/2024,gwb_neaves,ditch,foraging,male,ruul,rubus_ulmifolius,boim,bombus_impatiens
6/20/2024,bks_neaves,field,flying,unknown,na,na,na,unknown
6/20/2024,bks_neaves,ditch,flying,unknown,na,na,na,unknown
6/20/2024,bks_neaves,ditch,flying,worker,na,na,boim,bombus_impatiens
6/20/2024,bks_neaves,ditch,flying,queen,na,na,na,unknown
6/20/2024,bks_neaves,ditch,nest_searching,queen,na,na,boim,bombus_impatiens
6/21/2024,bates_57b,ditch,flying,male,na,na,boru,bombus_rufocinctus
6/21/2024,bates_57b,ditch,flying,male,na,na,boru,bombus_rufocinctus
6/21/2024,bates_57b,ditch,flying,male,na,na,boru,bombus_rufocinctus
6/21/2024,bates_57b,ditch,foraging,male,trre,trifolium_repens,boim,bombus_impatiens
7/2/2024,sandhu_ladnertrunk,field,flying,worker,na,na,boru,bombus_rufocinctus
7/2/2024,sandhu_ladnertrunk,ditch,foraging,unknown,chan,chamaenerion_angustifolium,na,unknown
7/2/2024,sandhu_ladnertrunk,ditch,foraging,unknown,chan,chamaenerion_angustifolium,na,unknown
7/2/2024,sandhu_ladnertrunk,ditch,foraging,unknown,chan,chamaenerion_angustifolium,na,unknown
7/2/2024,sandhu_ladnertrunk,ditch,foraging,unknown,chan,chamaenerion_angustifolium,na,unknown
7/2/2024,sandhu_ladnertrunk,ditch,foraging,male,chan,chamaenerion_angustifolium,boru,bombus_rufocinctus
7/2/2024,sandhu_ladnertrunk,ditch,foraging,male,chan,chamaenerion_angustifolium,boru,bombus_rufocinctus
7/2/2024,sandhu_ladnertrunk,ditch,foraging,male,chan,chamaenerion_angustifolium,na,unknown
7/2/2024,sandhu_ladnertrunk,ditch,foraging,male,chan,chamaenerion_angustifolium,boru,bombus_rufocinctus
7/2/2024,sandhu_ladnertrunk,ditch,flying,unknown,na,na,na,unknown
7/2/2024,sandhu_ladnertrunk,ditch,flying,unknown,na,na,na,unknown
7/2/2024,sandhu_ladnertrunk,ditch,flying,unknown,na,na,na,unknown
7/2/2024,sandhu_ladnertrunk,ditch,flying,unknown,na,na,na,unknown
7/2/2024,sandhu_ladnertrunk,ditch,flying,unknown,na,na,na,unknown
7/2/2024,sandhu_ladnertrunk,ditch,flying,unknown,na,na,na,unknown
7/2/2024,sandhu_ladnertrunk,ditch,flying,unknown,na,na,na,unknown
7/2/2024,sandhu_ladnertrunk,ditch,flying,unknown,na,na,na,unknown
7/2/2024,sandhu_ladnertrunk,ditch,foraging,unknown,ropa,rorippa_palustris,boru,bombus_rufocinctus
7/2/2024,sandhu_ladnertrunk,ditch,flying,worker,na,na,bovo,bombus_vosnesenskii
7/2/2024,lbf_ladnertrunk,field,flying,unknown,na,na,na,unknown
7/2/2024,lbf_ladnertrunk,ditch,flying,unknown,na,na,na,unknown
7/2/2024,lbf_ladnertrunk,ditch,resting,unknown,ruul,rubus_ulmifolius,boru,bombus_rufocinctus
7/3/2024,surjit_168,field,flying,unknown,na,na,na,unknown
7/3/2024,surjit_168,field,flying,unknown,na,na,na,unknown
7/3/2024,avtar_168,field,flying,unknown,na,na,boru,bombus_rufocinctus
7/3/2024,avtar_168,field,resting,male,na,na,boru,bombus_rufocinctus
7/3/2024,avtar_168,field,resting,male,na,na,boru,bombus_rufocinctus
7/3/2024,avtar_168,field,flying,unknown,na,na,na,unknown
7/3/2024,avtar_168,field,flying,unknown,na,na,na,unknown
7/3/2024,avtar_168,field,flying,unknown,na,na,na,unknown
7/3/2024,avtar_168,field,flying,unknown,na,na,na,unknown
7/3/2024,avtar_168,field,flying,unknown,na,na,na,unknown
7/3/2024,avtar_168,field,flying,unknown,na,na,na,unknown
7/3/2024,avtar_168,field,flying,unknown,na,na,na,unknown
7/3/2024,avtar_168,field,nest_searching,unknown,na,na,na,unknown
7/3/2024,avtar_168,ditch,foraging,worker,rare,ranunculus_repens,boru,bombus_rufocinctus
5/15/2024,chong_96,ditch,nest_searching,unknown,na,na,boim,bombus_impatiens
5/22/2024,gwb_neaves,field,nest_searching,queen,na,na,boim,bombus_impatiens
5/24/2025,surjit_168,ditch,flying,queen,na,na,boim,bombus_impatiens
5/23/2025,avtar_168,field,,worker,na,na,boim,bombus_impatiens
6/20/2024,gwb_neaves,ditch,foraging,unknown,ruul,rubus_ulmifolius,boim,bombus_impatiens
6/20/2024,bks_neaves,field,resting,unknown,vaco,vaccinium_corymbosum,boim,bombus_impatiens
6/19/2024,bks_96,ditch,foraging,worker,ronu,rosa_nutkana,boru,bombus_rufocinctus
6/19/2024,chong_96,field,foraging,worker,trre,trifolium_repens,boim,bombus_impatiens
6/21/2024,bks_56,field,foraging,unknown,rasc,ranunculus_sceleratus,na,unknown
6/21/2024,bks_56,ditch,flying,queen,na,na,na,unknown
7/02/2024,lbf_ladnertrunk,ditch,flying,unknown,na,na,na,unknown
7/02/2024,lbf_ladnertrunk,ditch,flying,unknown,na,na,na,unknown
6/21/2024,bates_57b,field,foraging,worker,trre,trifolium_repens,boru,bombus_rufocinctus
6/21/2024,bates_57b,field,flying,queen,na,na,na,unknown
6/21/2024,bates_57b,field,flying,unknown,na,na,na,unknown
6/21/2024,bates_57b,ditch,flying,male,na,na,boru,bombus_rufocinctus
6/21/2024,bates_57b,ditch,foraging,unknown,trre,trifolium_repens,na,unknown
4/21/2024,chong_68,field,nest_searching,queen,na,na,boim,bombus_impatiens
4/21/2024,chong_68,field,nest_searching,queen,na,na,boim,bombus_impatiens
4/13/2024,chong_96,field,flying,queen,na,na,na,unknown
4/13/2024,chong_96,field,flying,queen,na,na,na,unknown
4/13/2024,chong_96,field,flying,queen,na,na,na,unknown
4/13/2024,chong_96,field,flying,queen,na,na,na,unknown
4/13/2024,chong_96,field,flying,queen,na,na,na,unknown
6/18/2024,chong_68,field,nest_searching,queen,na,na,na,unknown
6/18/2024,chong_68,field,flying,worker,na,na,na,unknown
6/21/2024,bks_56,field,foraging,unknown,rasc,ranunculus_sceleratus,na,unknown
7/02/2024,sandhu_ladnertrunk,field,resting,male,ropa,rorippa_palustris,boim,bombus_impatiens
7/10/2024,chong_68,field,foraging,unknown,trre,trifolium_repens,boru,bombus_rufocinctus
4/23/2024,avtar_168,ditch,nest_searching,unknown,na,na,na,unknown