"","insect_species","plant_sp","totalBees"
"1","Bombus appositus","Vicia villosa",8
"2","Bombus californicus","Trifolium pratense",1
"3","Bombus centralis","Phacelia hastata",16
"4","Bombus centralis","Phacelia linearis",2
"5","Bombus centralis","Polygonum majus",1
"6","Bombus centralis","Potentilla recta",9
"7","Bombus centralis","Vicia villosa",41
"8","Bombus fervidus","Phacelia tanacetifolia",2
"9","Bombus fervidus","Raphanus raphanistrum",2
"10","Bombus fervidus","Spiraea douglasii",2
"11","Bombus fervidus","Trifolium alexandrinum",2
"12","Bombus fervidus","Trifolium hybridum",3
"13","Bombus fervidus","Trifolium pratense",19
"14","Bombus fervidus","Vicia cracca",19
"15","Bombus fervidus","Vicia sativa",1
"16","Bombus fervidus","Vicia villosa",9
"17","Bombus flavifrons","Calystegia silvatica",2
"18","Bombus flavifrons","Fumaria muralis",2
"19","Bombus flavifrons","Geranium dissectum",1
"20","Bombus flavifrons","Persicaria lapathifolia",1
"21","Bombus flavifrons","Phacelia tanacetifolia",1
"22","Bombus flavifrons","Raphanus raphanistrum",3
"23","Bombus flavifrons","Rosa nutkana",2
"24","Bombus flavifrons","Rosa sp",1
"25","Bombus flavifrons","Rubus armeniacus",46
"26","Bombus flavifrons","Rubus parviflorus",6
"27","Bombus flavifrons","Trifolium alexandrinum",1
"28","Bombus flavifrons","Trifolium hybridum",1
"29","Bombus flavifrons","Trifolium pratense",19
"30","Bombus flavifrons","Trifolium repens",2
"31","Bombus flavifrons","Tripleurospermum inodorum",1
"32","Bombus flavifrons","Vicia cracca",24
"33","Bombus flavifrons","Vicia gigantea",7
"34","Bombus flavifrons","Vicia sativa",2
"35","Bombus huntii","Achillea millefolium",6
"36","Bombus huntii","Potentilla recta",37
"37","Bombus huntii","Rosa nutkana",5
"38","Bombus huntii","Sisymbrium altissimum",1
"39","Bombus huntii","Vicia villosa",66
"40","Bombus impatiens","Brassica carinata",2
"41","Bombus impatiens","Calystegia silvatica",3
"42","Bombus impatiens","Calystegia sp",1
"43","Bombus impatiens","Cichorium intybus",1
"44","Bombus impatiens","Cirsium arvense",6
"45","Bombus impatiens","Crataegus monogyna",2
"46","Bombus impatiens","Crepis capillaris",3
"47","Bombus impatiens","Epilobium ciliatum",8
"48","Bombus impatiens","Fallopia convolvulus",1
"49","Bombus impatiens","Helianthus annuus",3
"50","Bombus impatiens","Hypochaeris radicata",1
"51","Bombus impatiens","Persicaria lapathifolia",4
"52","Bombus impatiens","Phacelia tanacetifolia",21
"53","Bombus impatiens","Prunus sp",6
"54","Bombus impatiens","Ranunculus acris",1
"55","Bombus impatiens","Ranunculus repens",3
"56","Bombus impatiens","Raphanus raphanistrum",8
"57","Bombus impatiens","Rorippa sylvestris",3
"58","Bombus impatiens","Rosa nutkana",23
"59","Bombus impatiens","Rosa sp",1
"60","Bombus impatiens","Rubus armeniacus",49
"61","Bombus impatiens","Rubus laciniatus",2
"62","Bombus impatiens","Solanum dulcamara",2
"63","Bombus impatiens","Sonchus arvensis",4
"64","Bombus impatiens","Spiraea douglasii",3
"65","Bombus impatiens","Tanacetum vulgare",18
"66","Bombus impatiens","Trifolium alexandrinum",1
"67","Bombus impatiens","Trifolium hybridum",4
"68","Bombus impatiens","Trifolium pratense",139
"69","Bombus impatiens","Trifolium repens",16
"70","Bombus impatiens","Tripleurospermum inodorum",5
"71","Bombus impatiens","Vicia cracca",23
"72","Bombus impatiens","Vicia tetrasperma",1
"73","Bombus insularis","Rubus armeniacus",1
"74","Bombus insularis","Trifolium repens",1
"75","Bombus melanopygus","Phacelia tanacetifolia",1
"76","Bombus melanopygus","Raphanus raphanistrum",1
"77","Bombus melanopygus","Trifolium alexandrinum",1
"78","Bombus mixtus","Achillea millefolium",1
"79","Bombus mixtus","Brassica carinata",4
"80","Bombus mixtus","Calystegia silvatica",1
"81","Bombus mixtus","Calystegia sp",3
"82","Bombus mixtus","Capsella bursa-pastoris",1
"83","Bombus mixtus","Cirsium arvense",6
"84","Bombus mixtus","Crataegus monogyna",2
"85","Bombus mixtus","Crepis capillaris",1
"86","Bombus mixtus","Epilobium ciliatum",9
"87","Bombus mixtus","Geranium dissectum",1
"88","Bombus mixtus","Helianthus annuus",1
"89","Bombus mixtus","Hypochaeris radicata",1
"90","Bombus mixtus","Lupinus polyphyllus",1
"91","Bombus mixtus","Persicaria lapathifolia",9
"92","Bombus mixtus","Phacelia sp",7
"93","Bombus mixtus","Phacelia tanacetifolia",29
"94","Bombus mixtus","Raphanus raphanistrum",1
"95","Bombus mixtus","Rorippa sylvestris",1
"96","Bombus mixtus","Rosa nutkana",11
"97","Bombus mixtus","Rosa sp",2
"98","Bombus mixtus","Rubus armeniacus",41
"99","Bombus mixtus","Rubus laciniatus",13
"100","Bombus mixtus","Rubus parviflorus",3
"101","Bombus mixtus","Sinapis arvensis",1
"102","Bombus mixtus","Solanum dulcamara",1
"103","Bombus mixtus","Sonchus arvensis",1
"104","Bombus mixtus","Symphoricarpos albus",2
"105","Bombus mixtus","Tanacetum vulgare",2
"106","Bombus mixtus","Thlaspi arvense",1
"107","Bombus mixtus","Trifolium alexandrinum",10
"108","Bombus mixtus","Trifolium hybridum",2
"109","Bombus mixtus","Trifolium pratense",12
"110","Bombus mixtus","Trifolium repens",5
"111","Bombus mixtus","Tripleurospermum inodorum",6
"112","Bombus mixtus","Vicia cracca",17
"113","Bombus mixtus","Vicia tetrasperma",2
"114","Bombus nevadensis","Phacelia linearis",3
"115","Bombus nevadensis","Rubus armeniacus",1
"116","Bombus nevadensis","Trifolium pratense",4
"117","Bombus nevadensis","Vicia villosa",13
"118","Bombus rufocinctus","Brassica carinata",4
"119","Bombus rufocinctus","Cichorium intybus",2
"120","Bombus rufocinctus","Cirsium arvense",14
"121","Bombus rufocinctus","Cirsium vulgare",1
"122","Bombus rufocinctus","Crataegus monogyna",1
"123","Bombus rufocinctus","Crepis capillaris",1
"124","Bombus rufocinctus","Epilobium ciliatum",1
"125","Bombus rufocinctus","Helianthus annuus",5
"126","Bombus rufocinctus","Hypochaeris radicata",26
"127","Bombus rufocinctus","Leucanthemum vulgare",1
"128","Bombus rufocinctus","Persicaria lapathifolia",16
"129","Bombus rufocinctus","Phacelia sp",14
"130","Bombus rufocinctus","Phacelia tanacetifolia",152
"131","Bombus rufocinctus","Potentilla recta",23
"132","Bombus rufocinctus","Ranunculus acris",1
"133","Bombus rufocinctus","Raphanus raphanistrum",9
"134","Bombus rufocinctus","Rorippa sylvestris",9
"135","Bombus rufocinctus","Rosa nutkana",1
"136","Bombus rufocinctus","Rubus armeniacus",6
"137","Bombus rufocinctus","Sonchus arvensis",8
"138","Bombus rufocinctus","Spiraea douglasii",3
"139","Bombus rufocinctus","Tanacetum vulgare",4
"140","Bombus rufocinctus","Taraxacum officinale",2
"141","Bombus rufocinctus","Trifolium alexandrinum",4
"142","Bombus rufocinctus","Trifolium hybridum",10
"143","Bombus rufocinctus","Trifolium pratense",18
"144","Bombus rufocinctus","Trifolium repens",6
"145","Bombus rufocinctus","Tripleurospermum inodorum",6
"146","Bombus rufocinctus","Vicia cracca",5
"147","Bombus rufocinctus","Vicia villosa",8
"148","Bombus sitkensis","Rosa nutkana",1
"149","Bombus sitkensis","Rubus armeniacus",1
"150","Bombus sp.","Rubus armeniacus",2
"151","Bombus vancouverensis","Potentilla recta",12
"152","Bombus vosnesenskii","Calystegia silvatica",1
"153","Bombus vosnesenskii","Cirsium arvense",1
"154","Bombus vosnesenskii","Lupinus polyphyllus",1
"155","Bombus vosnesenskii","Persicaria lapathifolia",5
"156","Bombus vosnesenskii","Phacelia tanacetifolia",28
"157","Bombus vosnesenskii","Raphanus raphanistrum",1
"158","Bombus vosnesenskii","Rubus armeniacus",4
"159","Bombus vosnesenskii","Rubus laciniatus",1
"160","Bombus vosnesenskii","Sonchus arvensis",1
"161","Bombus vosnesenskii","Spiraea douglasii",1
"162","Bombus vosnesenskii","Trifolium alexandrinum",6
"163","Bombus vosnesenskii","Trifolium pratense",71
"164","Bombus vosnesenskii","Trifolium repens",2
"165","Bombus vosnesenskii","Tripleurospermum inodorum",1
"166","Bombus vosnesenskii","Vicia cracca",13
