date,observers,site_id,round,plot_id,transect_id,transect_section,sample_code,behaviour,caste,flower_code,flower_species,bee_code,bee_species,caught,photo_series,notes
2024-04-13,RG,chong_96,2024_r1,p1,full-plot,net-floral,chong_96_NS_p1_full-plot_net-floral,flying,q,,,,,n,,could not ID
2024-04-13,RG,chong_96,2024_r1,p2,full-plot,net-floral,chong_96_NS_p2_full-plot_net-floral,flying,q,,,,,n,,could not ID
2024-04-13,RG,chong_96,2024_r1,d,full-plot,net-floral,chong_96_NS_d _full-plot_net-floral,flying,q,,,boim,bombus_impatiens,y,,
2024-04-13,RG,chong_96,2024_r1,d,full-plot,net-floral,chong_96_NS_d _full-plot_net-floral,nest_searching,q,,,bovo,bombus_vosnesenskii,n,,
2024-04-13,RG,chong_96,2024_r1,d,full-plot,net-floral,chong_96_NS_d _full-plot_net-floral,flying,q,,,boim,bombus_impatiens,  ,,
2024-04-13,RG,chong_96,2024_r1,d,full-plot,net-floral,chong_96_NS_d _full-plot_net-floral,flying,q,,,boim,bombus_impatiens,  ,,
2024-04-13,RG,chong_96,2024_r1,d,full-plot,net-floral,chong_96_NS_d _full-plot_net-floral,nest_searching,q,,,boim,bombus_impatiens,  ,,
2024-04-13,RG,chong_96,2024_r1,d,full-plot,net-floral,chong_96_NS_d _full-plot_net-floral,nest_searching,q,,,boim,bombus_impatiens,  ,,
2024-04-13,RG,chong_96,2024_r1,d,full-plot,net-floral,chong_96_NS_d _full-plot_net-floral,flying,q,,,,,  ,,
2024-04-15,RG,bates_57b,2024_r1,p1,full-plot,net-floral,bates_57b_NS_p1_full-plot_net-floral,flying,,,,,,n,,
2024-04-15,RG,bates_57b,2024_r1,p1,full-plot,net-floral,bates_57b_NS_p1_full-plot_net-floral,flying,,,,,,n,,
2024-04-15,RG,bates_57b,2024_r1,p1,full-plot,net-floral,bates_57b_NS_p1_full-plot_net-floral,flying,,,,,,n,,
2024-04-15,RG,bates_57b,2024_r1,p1,full-plot,net-floral,bates_57b_NS_p1_full-plot_net-floral,flying,,,,,,n,,
2024-04-15,RG,bates_57b,2024_r1,p1,full-plot,net-floral,bates_57b_NS_p1_full-plot_net-floral,nest_searching,q,,,,,n,,impatiens or vos
2024-04-15,RG,bates_57b,2024_r1,p1,full-plot,net-floral,bates_57b_NS_p1_full-plot_net-floral,nest_searching,q,,,,,n,,impatiens or vos
2024-04-15,RG,bates_57b,2024_r1,p1,full-plot,net-floral,bates_57b_NS_p1_full-plot_net-floral,foraging,,vaco,vaccinium_corymbosum,,,n,,impatiens or vos
2024-04-15,RG,bates_57b,2024_r1,p1,full-plot,net-floral,bates_57b_NS_p1_full-plot_net-floral,foraging,,taof,taraxacum_officinale,,,y,April 15 Bee 1,w? impatiens?
2024-04-15,RG,bates_57b,2024_r1,p1,full-plot,net-floral,bates_57b_NS_p1_full-plot_net-floral,foraging,w,taof,taraxacum_officinale,boim,bombus_impatiens,y,April 15 Bee 2,
2024-04-15,RG,bates_57b,2024_r1,p1,full-plot,net-floral,bates_57b_NS_p1_full-plot_net-floral,nest_searching,q,,,bovo,bombus_vosnesenskii,y,April 15 Bee 3,
2024-04-15,RG,bates_57b,2024_r1,p2,full-plot,net-floral,bates_57b_NS_p2_full-plot_net-floral,flying,,,,,,n,,
2024-04-15,RG,bates_57b,2024_r1,p2,full-plot,net-floral,bates_57b_NS_p2_full-plot_net-floral,flying,,,,,,n,,
2024-04-15,RG,bates_57b,2024_r1,p2,full-plot,net-floral,bates_57b_NS_p2_full-plot_net-floral,foraging,,vaco,vaccinium_corymbosum,bovo,bombus_vosnesenskii,n,,q? big
2024-04-15,RG,bates_57b,2024_r1,p2,full-plot,net-floral,bates_57b_NS_p2_full-plot_net-floral,foraging,,vaco,vaccinium_corymbosum,boim,bombus_impatiens,y,April 15 Bee 4 ,q?
2024-04-15,RG,bates_57b,2024_r1,p2,full-plot,net-floral,bates_57b_NS_p2_full-plot_net-floral,flying,,,,,,y,,
2024-04-18,RG,bks_68,2024_r1,p1,full-plot,net-floral,bks_68_NS_p1_full-plot_net-floral,nest_searching,q,,,,,  ,,red on butt
2024-04-18,RG,bks_68,2024_r1,p1,full-plot,net-floral,bks_68_NS_p1_full-plot_net-floral,flying,,,,boim,bombus_impatiens,  ,,
2024-04-18,RG,bks_68,2024_r1,p1,full-plot,net-floral,bks_68_NS_p1_full-plot_net-floral,foraging,,vaco,vaccinium_corymbosum,boim,bombus_impatiens,  ,,
2024-04-18,RG,bks_68,2024_r1,p2,full-plot,net-floral,bks_68_NS_p2_full-plot_net-floral,flying,,,,boim,bombus_impatiens,  ,,
2024-04-18,RG,bks_68,2024_r1,p2,full-plot,net-floral,bks_68_NS_p2_full-plot_net-floral,foraging,w,vaco,vaccinium_corymbosum,boim,bombus_impatiens,  ,,
2024-04-18,RG,bks_96,2024_r1,p1,full-plot,net-floral,bks_96_NS_p1_full-plot_net-floral,foraging,w,vaco,vaccinium_corymbosum,boim,bombus_impatiens,n,,
2024-04-18,TK,bks_96,2024_r1,p2,full-plot,net-floral,bks_96_NS_p2_full-plot_net-floral,flying,q,,,bomi,bombus_mixtus,y,,full of pollen
2024-04-18,TK,bks_96,2024_r1,p2,full-plot,net-floral,bks_96_NS_p2_full-plot_net-floral,flying,q,,,bomi,bombus_mixtus,y,,full of pollen
2024-04-18,TK,bks_96,2024_r1,p2,full-plot,net-floral,bks_96_NS_p2_full-plot_net-floral,flying,q,,,,,n,,"flying fast around blueberry, hard to say species"
2024-04-18,TK,bks_96,2024_r1,p2,full-plot,net-floral,bks_96_NS_p2_full-plot_net-floral,flying,q,,,,,n,,vos?
2024-04-18,TK,bks_96,2024_r1,p2,full-plot,net-floral,bks_96_NS_p2_full-plot_net-floral,flying,q,,,,,n,,mixtus?
2024-04-18,TK,bks_96,2024_r1,p2,full-plot,net-floral,bks_96_NS_p2_full-plot_net-floral,flying,q,,,,,n,,impatiens?
2024-04-19,RG,bks_56,2024_r1,p1,full-plot,net-floral,bks_56_NS_p1_full-plot_net-floral,nest_searching,,,,,,  ,,"black, orange, white on butt? hard to see"
2024-04-19,TK,bks_56,2024_r1,d,full-plot,net-floral,bks_56_NS_d _full-plot_net-floral,nest_searching,q,,,boim,bombus_impatiens,  ,,
2024-04-19,TK,bks_56,2024_r1,d,full-plot,net-floral,bks_56_NS_d _full-plot_net-floral,nest_searching,q,,,boim,bombus_impatiens,  ,,
2024-04-19,TK,bks_56,2024_r1,d,full-plot,net-floral,bks_56_NS_d _full-plot_net-floral,nest_searching,q,,,boim,bombus_impatiens,  ,,
2024-04-19,TK,bks_56,2024_r1,d,full-plot,net-floral,bks_56_NS_d _full-plot_net-floral,nest_searching,q,,,boim,bombus_impatiens,  ,,
2024-04-19,RG,bks_56,2024_r1,p2,full-plot,net-floral,bks_56_NS_p2_full-plot_net-floral,nest_searching,q,,,boim,bombus_impatiens,  ,,
2024-04-19,RG,bates_57b,2024_r1,d,full-plot,net-floral,bates_57b_NS_d _full-plot_net-floral,nest_searching,q,,,boim,bombus_impatiens,n,,
2024-04-19,RG,bates_57b,2024_r1,d,full-plot,net-floral,bates_57b_NS_d _full-plot_net-floral,nest_searching,q,,,,,n,,
2024-04-19,RG,bates_57b,2024_r1,d,full-plot,net-floral,bates_57b_NS_d _full-plot_net-floral,flying,q,,,boim,bombus_impatiens,n,,
2024-04-19,RG,bates_57b,2024_r1,d,full-plot,net-floral,bates_57b_NS_d _full-plot_net-floral,flying,q,,,bovo,bombus_vosnesenskii,n,,
2024-04-19,RG,bates_57b,2024_r1,d,full-plot,net-floral,bates_57b_NS_d _full-plot_net-floral,flying,q,,,bovo,bombus_vosnesenskii,n,,
2024-04-19,RG,bates_57b,2024_r1,d,full-plot,net-floral,bates_57b_NS_d _full-plot_net-floral,flying,q,,,,,n,,
2024-04-19,RG,bates_57b,2024_r1,d,full-plot,net-floral,bates_57b_NS_d _full-plot_net-floral,flying,q,,,,,n,,
2024-04-19,RG,bates_57b,2024_r1,d,full-plot,net-floral,bates_57b_NS_d _full-plot_net-floral,flying,m,,,boim,bombus_impatiens,y,,
2024-04-19,RG,bates_57b,2024_r1,d,full-plot,net-floral,bates_57b_NS_d _full-plot_net-floral,flying,m,,,boim,bombus_impatiens,y,,
2024-04-19,RG,bates_57b,2024_r1,d,full-plot,net-floral,bates_57b_NS_d _full-plot_net-floral,nest_searching,q,,,boim,bombus_impatiens,n,,
2024-04-19,RG,bates_57b,2024_r1,d,full-plot,net-floral,bates_57b_NS_d _full-plot_net-floral,nest_searching,q,,,boru,bombus_rufocinctus,y,,
2024-04-19,RG,bates_57b,2024_r1,d,full-plot,net-floral,bates_57b_NS_d _full-plot_net-floral,flying,m,,,boim,bombus_impatiens,n,,
2024-04-19,RG,bates_57b,2024_r1,d,full-plot,net-floral,bates_57b_NS_d _full-plot_net-floral,flying,m,,,boim,bombus_impatiens,n,,
2024-04-19,RG,bates_57b,2024_r1,d,full-plot,net-floral,bates_57b_NS_d _full-plot_net-floral,flying,m,,,boim,bombus_impatiens,n,,
2024-04-19,RG,bates_57b,2024_r1,d,full-plot,net-floral,bates_57b_NS_d _full-plot_net-floral,flying,m,,,boim,bombus_impatiens,n,,
2024-04-19,RG,bates_57b,2024_r1,d,full-plot,net-floral,bates_57b_NS_d _full-plot_net-floral,foraging,q,taof,taraxacum_officinale,boim,bombus_impatiens,n,,
2024-04-19,RG,bates_57b,2024_r1,d,full-plot,net-floral,bates_57b_NS_d _full-plot_net-floral,flying,q,,,boim,bombus_impatiens,n,,
2024-04-21,RG,chong_68,2024_r1,p1,full-plot,net-floral,chong_68_NS_p1_full-plot_net-floral,foraging,,vaco,vaccinium_corymbosum,bomi,bombus_mixtus,y,April 21 Bee 1,caught
2024-04-21,RG,chong_68,2024_r1,p1,full-plot,net-floral,chong_68_NS_p1_full-plot_net-floral,nest_searching,q,,,bovo,bombus_vosnesenskii,n,,
2024-04-21,RG,chong_68,2024_r1,p1,full-plot,net-floral,chong_68_NS_p1_full-plot_net-floral,nest_searching,,,,,,n,,
2024-04-21,RG,chong_68,2024_r1,p1,full-plot,net-floral,chong_68_NS_p1_full-plot_net-floral,nest_searching,,,,,,n,,
2024-04-21,RG,chong_68,2024_r1,p1,full-plot,net-floral,chong_68_NS_p1_full-plot_net-floral,nest_searching,q,,,boim,bombus_impatiens,n,,
2024-04-21,RG,chong_68,2024_r1,p1,full-plot,net-floral,chong_68_NS_p1_full-plot_net-floral,foraging,q,vaco,vaccinium_corymbosum,bovo,bombus_vosnesenskii,n,,
2024-04-21,RG,chong_68,2024_r1,p1,full-plot,net-floral,chong_68_NS_p1_full-plot_net-floral,nest_searching,q,,,boim,bombus_impatiens,n,,went into 1in hole then came out
2024-04-21,RG,chong_68,2024_r1,p1,full-plot,net-floral,chong_68_NS_p1_full-plot_net-floral,foraging,,vaco,vaccinium_corymbosum,,,n,,mixtus? red butt
2024-04-21,RG,chong_68,2024_r1,p2,full-plot,net-floral,chong_68_NS_p2_full-plot_net-floral,nest_searching,q,,,boim,bombus_impatiens,n,,
2024-04-21,RG,chong_68,2024_r1,p2,full-plot,net-floral,chong_68_NS_p2_full-plot_net-floral,nest_searching,q,,,boim,bombus_impatiens,n,,
2024-04-21,RG,chong_68,2024_r1,p2,full-plot,net-floral,chong_68_NS_p2_full-plot_net-floral,flying,q,,,boim,bombus_impatiens,n,,
2024-04-21,RG,chong_68,2024_r1,p2,full-plot,net-floral,chong_68_NS_p2_full-plot_net-floral,flying,q,,,boim,bombus_impatiens,n,,
2024-04-26,"RG, CN",avtar_168,2024_r1,d,full-plot,net-floral,avtar_168_NS_d _full-plot_net-floral,nest_searching,q,,,boim,bombus_impatiens,  ,,on other side of d
2024-04-26,"RG, CN",avtar_168,2024_r1,d,full-plot,net-floral,avtar_168_NS_d _full-plot_net-floral,nest_searching,q,,,boim,bombus_impatiens,  ,,on other side of d
2024-04-26,"RG, CN",avtar_168,2024_r1,d,full-plot,net-floral,avtar_168_NS_d _full-plot_net-floral,nest_searching,q,,,boim,bombus_impatiens,  ,,on other side of d
2024-04-26,"RG, CN",avtar_168,2024_r1,d,full-plot,net-floral,avtar_168_NS_d _full-plot_net-floral,nest_searching,q,,,bovo,bombus_vosnesenskii,  ,,on other side of d
2024-04-26,"RG, CN",avtar_168,2024_r1,d,full-plot,net-floral,avtar_168_NS_d _full-plot_net-floral,flying,q,,,,,  ,, 
2024-04-26,"RG, CN",avtar_168,2024_r1,p1,full-plot,net-floral,avtar_168_NS_p1_full-plot_net-floral,foraging,q,vaco,vaccinium_corymbosum,boru,bombus_rufocinctus,y,April 26 Bee 1, 
2024-04-26,"RG, CN",avtar_168,2024_r1,p1,full-plot,net-floral,avtar_168_NS_p1_full-plot_net-floral,foraging,q,vaco,vaccinium_corymbosum,boim,bombus_impatiens,  ,, 
2024-04-26,"RG, CN",avtar_168,2024_r1,p1,full-plot,net-floral,avtar_168_NS_p1_full-plot_net-floral,foraging,q,vaco,vaccinium_corymbosum,boim,bombus_impatiens,  ,, 
2024-04-26,"RG, CN",avtar_168,2024_r1,p1,full-plot,net-floral,avtar_168_NS_p1_full-plot_net-floral,foraging,q,vaco,vaccinium_corymbosum,boim,bombus_impatiens,  ,, 
2024-04-26,"RG, CN",avtar_168,2024_r1,p1,full-plot,net-floral,avtar_168_NS_p1_full-plot_net-floral,foraging,q,vaco,vaccinium_corymbosum,boim,bombus_impatiens,  ,, 
2024-04-26,"RG, CN",avtar_168,2024_r1,p1,full-plot,net-floral,avtar_168_NS_p1_full-plot_net-floral,foraging,q,vaco,vaccinium_corymbosum,bovo,bombus_vosnesenskii,  ,, 
2024-04-26,"RG, CN",avtar_168,2024_r1,p1,full-plot,net-floral,avtar_168_NS_p1_full-plot_net-floral,foraging,,vaco,vaccinium_corymbosum,,,  ,, 
2024-04-26,"RG, CN",avtar_168,2024_r1,p1,full-plot,net-floral,avtar_168_NS_p1_full-plot_net-floral,foraging,,vaco,vaccinium_corymbosum,,,  ,, 
2024-04-26,"RG, CN",avtar_168,2024_r1,p1,full-plot,net-floral,avtar_168_NS_p1_full-plot_net-floral,foraging,,vaco,vaccinium_corymbosum,,,  ,, 
2024-04-26,"RG, CN",avtar_168,2024_r1,p1,full-plot,net-floral,avtar_168_NS_p1_full-plot_net-floral,foraging,,vaco,vaccinium_corymbosum,,,  ,, 
2024-04-26,"RG, CN",avtar_168,2024_r1,p1,full-plot,net-floral,avtar_168_NS_p1_full-plot_net-floral,flying,,,,,,  ,, 
2024-04-26,"RG, CN",avtar_168,2024_r1,p1,full-plot,net-floral,avtar_168_NS_p1_full-plot_net-floral,flying,,,,,,  ,, 
2024-04-26,"RG, CN",avtar_168,2024_r1,p1,full-plot,net-floral,avtar_168_NS_p1_full-plot_net-floral,flying,,,,,,  ,, 
2024-04-26,"RG, CN",avtar_168,2024_r1,p1,full-plot,net-floral,avtar_168_NS_p1_full-plot_net-floral,flying,,,,,,  ,, 
2024-04-26,"RG, CN",avtar_168,2024_r1,p1,full-plot,net-floral,avtar_168_NS_p1_full-plot_net-floral,flying,,,,,,  ,, 
2024-04-26,"RG, CN",avtar_168,2024_r1,p1,full-plot,net-floral,avtar_168_NS_p1_full-plot_net-floral,flying,,,,,,  ,, 
2024-04-26,"RG, CN",avtar_168,2024_r1,p1,full-plot,net-floral,avtar_168_NS_p1_full-plot_net-floral,foraging,q,vaco,vaccinium_corymbosum,boru,bombus_rufocinctus,  ,, 
2024-04-26,"RG, CN",avtar_168,2024_r1,p1,full-plot,net-floral,avtar_168_NS_p1_full-plot_net-floral,foraging,q,vaco,vaccinium_corymbosum,boru,bombus_rufocinctus,  ,, 
2024-04-26,"RG, CN",avtar_168,2024_r1,p1,full-plot,net-floral,avtar_168_NS_p1_full-plot_net-floral,foraging,q,vaco,vaccinium_corymbosum,boru,bombus_rufocinctus,  ,, 
2024-04-26,"RG, CN",avtar_168,2024_r1,p1,full-plot,net-floral,avtar_168_NS_p1_full-plot_net-floral,nest_searching,q,vaco,vaccinium_corymbosum,boim,bombus_impatiens,  ,, 
2024-04-26,"RG, CN",avtar_168,2024_r1,p2,full-plot,net-floral,avtar_168_NS_p2_full-plot_net-floral,nest_searching,q,,,boim,bombus_impatiens,  ,, 
2024-04-26,"RG, CN",avtar_168,2024_r1,p2,full-plot,net-floral,avtar_168_NS_p2_full-plot_net-floral,foraging,q,vaco,vaccinium_corymbosum,boru,bombus_rufocinctus,  ,, 
2024-04-26,"RG, CN",avtar_168,2024_r1,p2,full-plot,net-floral,avtar_168_NS_p2_full-plot_net-floral,foraging,q,vaco,vaccinium_corymbosum,boru,bombus_rufocinctus,  ,, 
2024-04-26,"RG, CN",avtar_168,2024_r1,p2,full-plot,net-floral,avtar_168_NS_p2_full-plot_net-floral,foraging,q,vaco,vaccinium_corymbosum,boru,bombus_rufocinctus,  ,, 
2024-04-26,"RG, CN",avtar_168,2024_r1,p2,full-plot,net-floral,avtar_168_NS_p2_full-plot_net-floral,foraging,q,vaco,vaccinium_corymbosum,boru,bombus_rufocinctus,  ,, 
2024-04-26,"RG, CN",avtar_168,2024_r1,p2,full-plot,net-floral,avtar_168_NS_p2_full-plot_net-floral,foraging,,vaco,vaccinium_corymbosum,,,  ,, 
2024-04-26,"RG, CN",avtar_168,2024_r1,p2,full-plot,net-floral,avtar_168_NS_p2_full-plot_net-floral,foraging,,vaco,vaccinium_corymbosum,,,  ,, 
2024-04-26,"RG, CN",avtar_168,2024_r1,p2,full-plot,net-floral,avtar_168_NS_p2_full-plot_net-floral,foraging,q,vaco,vaccinium_corymbosum,boim,bombus_impatiens,  ,, 
2024-04-26,"RG, CN",avtar_168,2024_r1,p2,full-plot,net-floral,avtar_168_NS_p2_full-plot_net-floral,foraging,q,vaco,vaccinium_corymbosum,boim,bombus_impatiens,  ,, 
2024-04-26,"RG, CN",avtar_168,2024_r1,p2,full-plot,net-floral,avtar_168_NS_p2_full-plot_net-floral,flying,,,,,,  ,, 
2024-04-26,RG,surjit_168,2024_r1,p1,full-plot,net-floral,surjit_168_NS_p1_full-plot_net-floral,foraging,q,vaco,vaccinium_corymbosum,boim,bombus_impatiens,  ,, 
2024-04-30,RG,gwb_neaves,2024_r1,d,full-plot,net-floral,gwb_neaves_NS_d _full-plot_net-floral,nest_searching,q,,,boim,bombus_impatiens,  ,,
2024-04-30,RG,gwb_neaves,2024_r1,d,full-plot,net-floral,gwb_neaves_NS_d _full-plot_net-floral,nest_searching,q,,,boim,bombus_impatiens,  ,,
2024-04-30,RG,gwb_neaves,2024_r1,p2,full-plot,net-floral,gwb_neaves_NS_p2_full-plot_net-floral,nest_searching,q,,,boim,bombus_impatiens,  ,,
2024-04-30,RG,gwb_neaves,2024_r1,p1,full-plot,net-floral,gwb_neaves_NS_p1_full-plot_net-floral,nest_searching,q,,,boim,bombus_impatiens,  ,,
2024-04-30,RG,gwb_neaves,2024_r1,p1,full-plot,net-floral,gwb_neaves_NS_p1_full-plot_net-floral,flying,,,,,,  ,,
2024-04-30,RG,gwb_neaves,2024_r1,p1,full-plot,net-floral,gwb_neaves_NS_p1_full-plot_net-floral,nest_searching,q,,,boim,bombus_impatiens,  ,,
2024-04-30,RG,gwb_neaves,2024_r1,p1,full-plot,net-floral,gwb_neaves_NS_p1_full-plot_net-floral,nest_searching,q,,,boim,bombus_impatiens,  ,,went into a rodent hole
2024-05-01,RG,bks_neaves,2024_r1,d,full-plot,net-floral,bks_neaves_NS_d _full-plot_net-floral,nest_searching,q,,,boim,bombus_impatiens,  ,,near pump hut
2024-05-01,RG,bks_neaves,2024_r1,d,full-plot,net-floral,bks_neaves_NS_d _full-plot_net-floral,nest_searching,q,,,bovo,bombus_vosnesenskii,  ,,near pump hut
2024-05-01,RG,bks_neaves,2024_r1,p1,full-plot,net-floral,bks_neaves_NS_p1_full-plot_net-floral,flying,q,,,,,  ,,
2024-05-14,RG,chong_68,2024_r2,p2,full-plot,net-floral,chong_68_1_p2_full-plot_net-floral,foraging,q,vaco,vaccinium_corymbosum,boim,bombus_impatiens,  ,, 
2024-05-14,RG,chong_68,2024_r2,p2,full-plot,net-floral,chong_68_1_p2_full-plot_net-floral,foraging,q,vaco,vaccinium_corymbosum,bovo,bombus_vosnesenskii,  ,, 
2024-05-14,RG,chong_68,2024_r2,p2,full-plot,net-floral,chong_68_1_p2_full-plot_net-floral,foraging,q,vaco,vaccinium_corymbosum,boim,bombus_impatiens,  ,, 
2024-05-14,RG,chong_68,2024_r2,p2,full-plot,net-floral,chong_68_1_p2_full-plot_net-floral,flying,q,,,boim,bombus_impatiens,  ,, 
2024-05-14,RG,chong_68,2024_r2,p2,full-plot,net-floral,chong_68_1_p2_full-plot_net-floral,foraging,q,vaco,vaccinium_corymbosum,boim,bombus_impatiens,  ,, 
2024-05-14,RG,chong_68,2024_r2,p1,full-plot,net-floral,chong_68_1_p1_full-plot_net-floral,flying,q,,,boim,bombus_impatiens,  ,, 
2024-05-14,RG,chong_68,2024_r2,p1,full-plot,net-floral,chong_68_1_p1_full-plot_net-floral,flying,q,,,,,  ,, 
2024-05-14,RG,bks_68,2024_r2,d,full-plot,net-floral,bks_68_1_d _full-plot_net-floral,flying,q,,,boim,bombus_impatiens,  ,, 
2024-05-14,RG,bks_68,2024_r2,p2,full-plot,net-floral,bks_68_1_p2_full-plot_net-floral,foraging,q,vaco,vaccinium_corymbosum,,,  ,,rufosinctus?
2024-05-14,RG,bks_68,2024_r2,p2,full-plot,net-floral,bks_68_1_p2_full-plot_net-floral,flying,q,,,,,  ,, 
2024-05-14,RG,bks_68,2024_r2,p2,full-plot,net-floral,bks_68_1_p2_full-plot_net-floral,flying,q,,,,,  ,, 
2024-05-14,RG,bks_68,2024_r2,p2,full-plot,net-floral,bks_68_1_p2_full-plot_net-floral,flying,q,,,,,  ,, 
2024-05-14,RG,bks_68,2024_r2,p2,full-plot,net-floral,bks_68_1_p2_full-plot_net-floral,flying,q,,,,,  ,, 
2024-05-14,RG,bks_68,2024_r2,p2,full-plot,net-floral,bks_68_1_p2_full-plot_net-floral,flying,q,,,boim,bombus_impatiens,  ,, 
2024-05-14,RG,bks_68,2024_r2,p2,full-plot,net-floral,bks_68_1_p2_full-plot_net-floral,foraging,q,vaco,vaccinium_corymbosum,boim,bombus_impatiens,  ,, 
2024-05-15,RG,chong_96,2024_r2,p2,full-plot,net-floral,chong_96_1_p2_full-plot_net-floral,flying,q,,,,,  ,, 
2024-05-15,RG,chong_96,2024_r2,p2,full-plot,net-floral,chong_96_1_p2_full-plot_net-floral,nest_searching,q,,,bovo,bombus_vosnesenskii,  ,, 
2024-05-15,RG,chong_96,2024_r2,p1,full-plot,net-floral,chong_96_1_p1_full-plot_net-floral,foraging,q,vaco,vaccinium_corymbosum,bome,bombus_melanopygus,  ,, 
2024-05-15,RG,chong_96,2024_r2,p1,full-plot,net-floral,chong_96_1_p1_full-plot_net-floral,flying,q,,,boim,bombus_impatiens,  ,,flying low
2024-05-15,RG,bks_96,2024_r2,p2,full-plot,net-floral,bks_96_1_p2_full-plot_net-floral,foraging,q,vaco,vaccinium_corymbosum,bovo,bombus_vosnesenskii,  ,, 
2024-05-15,RG,bks_96,2024_r2,p2,full-plot,net-floral,bks_96_1_p2_full-plot_net-floral,foraging,q,vaco,vaccinium_corymbosum,boim,bombus_impatiens,  ,, 
2024-05-15,RG,bks_96,2024_r2,p2,full-plot,net-floral,bks_96_1_p2_full-plot_net-floral,foraging,q,vaco,vaccinium_corymbosum,boim,bombus_impatiens,  ,, 
2024-05-15,RG,bks_96,2024_r2,p2,full-plot,net-floral,bks_96_1_p2_full-plot_net-floral,foraging,q,vaco,vaccinium_corymbosum,bome,bombus_melanopygus,  ,,small
2024-05-15,RG,bks_96,2024_r2,p1,full-plot,net-floral,bks_96_1_p1_full-plot_net-floral,flying,q,,,boim,bombus_impatiens,  ,, 
2024-05-15,RG,bks_96,2024_r2,p1,full-plot,net-floral,bks_96_1_p1_full-plot_net-floral,foraging,q,vaco,vaccinium_corymbosum,boim,bombus_impatiens,  ,, 
2024-05-15,RG,bks_96,2024_r2,p1,full-plot,net-floral,bks_96_1_p1_full-plot_net-floral,flying,q,,,,,  ,, 
2024-05-15,RG,bks_96,2024_r2,p1,full-plot,net-floral,bks_96_1_p1_full-plot_net-floral,foraging,q,vaco,vaccinium_corymbosum,,,  ,, 
2024-05-15,RG,bks_96,2024_r2,p1,full-plot,net-floral,bks_96_1_p1_full-plot_net-floral,foraging,q,vaco,vaccinium_corymbosum,,,  ,, 
2024-05-15,RG,bks_96,2024_r2,d,full-plot,net-floral,bks_96_1_d _full-plot_net-floral,nest_searching,w,,,bome,bombus_melanopygus,  ,,tiny
2024-05-15,RG,bks_96,2024_r2,d,full-plot,net-floral,bks_96_1_d _full-plot_net-floral,nest_searching,w,,,bomi,bombus_mixtus,  ,,"tiny, rested on a leaf"
2024-05-15,RG,bks_96,2024_r2,d,full-plot,net-floral,bks_96_1_d _full-plot_net-floral,flying,q,,,bome,bombus_melanopygus,  ,,small
2024-05-22,RG,gwb_neaves,2024_r2,p2,full-plot,net-floral,gwb_neaves_1_p2_full-plot_net-floral,flying,,,,,,  ,,saw 1 impatiens q nest searching before survey
2024-05-22,RG,gwb_neaves,2024_r2,d,full-plot,net-floral,gwb_neaves_1_d _full-plot_net-floral,nest_searching,q,,,boim,bombus_impatiens,  ,, 
2024-05-22,RG,gwb_neaves,2024_r2,d,full-plot,net-floral,gwb_neaves_1_d _full-plot_net-floral,nest_searching,q,,,bovo,bombus_vosnesenskii,  ,, 
2024-05-22,RG,bks_neaves,2024_r2,p1,full-plot,net-floral,bks_neaves_1_p1_full-plot_net-floral,foraging,q,vaco,vaccinium_corymbosum,bohu,bombus_huntii,  ,, 
2024-05-22,RG,bks_neaves,2024_r2,p1,full-plot,net-floral,bks_neaves_1_p1_full-plot_net-floral,foraging,w,vaco,vaccinium_corymbosum,,,  ,May 22 Bee 2,sent to Tyler
2024-05-22,RG,bks_neaves,2024_r2,p1,full-plot,net-floral,bks_neaves_1_p1_full-plot_net-floral,flying,q,,,boim,bombus_impatiens,  ,, 
2024-05-22,RG,bks_neaves,2024_r2,p1,full-plot,net-floral,bks_neaves_1_p1_full-plot_net-floral,foraging,q,vaco,vaccinium_corymbosum,boim,bombus_impatiens,  ,, 
2024-05-22,RG,bks_neaves,2024_r2,p2,full-plot,net-floral,bks_neaves_1_p2_full-plot_net-floral,foraging,,vaco,vaccinium_corymbosum,,,  ,, 
2024-05-22,RG,bks_neaves,2024_r2,p2,full-plot,net-floral,bks_neaves_1_p2_full-plot_net-floral,foraging,q,vaco,vaccinium_corymbosum,bohu,bombus_huntii,  ,, 
2024-05-22,RG,bks_neaves,2024_r2,p2,full-plot,net-floral,bks_neaves_1_p2_full-plot_net-floral,foraging,q,vaco,vaccinium_corymbosum,bome,bombus_melanopygus,  ,, 
2024-05-22,RG,bks_neaves,2024_r2,d,full-plot,net-floral,bks_neaves_1_d _full-plot_net-floral,flying,q,,,,,  ,,maybe huntii?
2024-05-23,"RG, AD",avtar_168,2024_r2,p1,full-plot,net-floral,avtar_168_1_p1_full-plot_net-floral,flying,,,,,,  ,,
2024-05-23,"RG, AD",avtar_168,2024_r2,p1,full-plot,net-floral,avtar_168_1_p1_full-plot_net-floral,flying,,,,,,  ,,
2024-05-23,"RG, AD",avtar_168,2024_r2,p1,full-plot,net-floral,avtar_168_1_p1_full-plot_net-floral,flying,,,,,,  ,,
2024-05-23,"RG, AD",avtar_168,2024_r2,p1,full-plot,net-floral,avtar_168_1_p1_full-plot_net-floral,flying,q,,,,,  ,,
2024-05-23,"RG, AD",avtar_168,2024_r2,p1,full-plot,net-floral,avtar_168_1_p1_full-plot_net-floral,foraging,w,vaco,vaccinium_corymbosum,boru,bombus_rufocinctus,  ,,
2024-05-23,"RG, AD",avtar_168,2024_r2,p1,full-plot,net-floral,avtar_168_1_p1_full-plot_net-floral,foraging,q,vaco,vaccinium_corymbosum,,,  ,,
2024-05-23,"RG, AD",avtar_168,2024_r2,p1,full-plot,net-floral,avtar_168_1_p1_full-plot_net-floral,foraging,,vaco,vaccinium_corymbosum,,,y,May 23 An belle Bee 3,Mixtus? Photo on AD phone
2024-05-23,"RG, AD",avtar_168,2024_r2,p1,full-plot,net-floral,avtar_168_1_p1_full-plot_net-floral,foraging,w,vaco,vaccinium_corymbosum,,,y,May 23 An belle Bee 2,Rufo? Photo on AD phone
2024-05-23,AD,avtar_168,2024_r2,p2,full-plot,net-floral,avtar_168_1_p2_full-plot_net-floral,foraging,w,vaco,vaccinium_corymbosum,,,  ,May 23 An belle Bee 1,Melanopygus? Photo on AD phone
2024-05-23,AD,avtar_168,2024_r2,p2,full-plot,net-floral,avtar_168_1_p2_full-plot_net-floral,flying,,,,,,  ,,
2024-05-23,AD,avtar_168,2024_r2,p2,full-plot,net-floral,avtar_168_1_p2_full-plot_net-floral,flying,,,,,,  ,,
2024-05-23,AD,avtar_168,2024_r2,p2,full-plot,net-floral,avtar_168_1_p2_full-plot_net-floral,flying,,,,,,  ,,
2024-05-23,AD,avtar_168,2024_r2,p2,full-plot,net-floral,avtar_168_1_p2_full-plot_net-floral,flying,,,,,,  ,,
2024-05-23,AD,avtar_168,2024_r2,p2,full-plot,net-floral,avtar_168_1_p2_full-plot_net-floral,flying,,,,,,  ,,
2024-05-23,AD,avtar_168,2024_r2,p2,full-plot,net-floral,avtar_168_1_p2_full-plot_net-floral,flying,,,,,,  ,,
2024-05-23,AD,avtar_168,2024_r2,p2,full-plot,net-floral,avtar_168_1_p2_full-plot_net-floral,foraging,w,vaco,vaccinium_corymbosum,boim,bombus_impatiens,  ,,
2024-05-23,AD,avtar_168,2024_r2,p2,full-plot,net-floral,avtar_168_1_p2_full-plot_net-floral,foraging,w,vaco,vaccinium_corymbosum,boim,bombus_impatiens,  ,,
2024-05-23,AD,avtar_168,2024_r2,p2,full-plot,net-floral,avtar_168_1_p2_full-plot_net-floral,foraging,w,vaco,vaccinium_corymbosum,boim,bombus_impatiens,  ,,
2024-05-23,AD,avtar_168,2024_r2,p2,full-plot,net-floral,avtar_168_1_p2_full-plot_net-floral,foraging,q,vaco,vaccinium_corymbosum,bome,bombus_melanopygus,  ,,
2024-05-23,AD,avtar_168,2024_r2,p2,full-plot,net-floral,avtar_168_1_p2_full-plot_net-floral,foraging,w,vaco,vaccinium_corymbosum,boru,bombus_rufocinctus,  ,,
2024-05-23,RG,avtar_168,2024_r2,d,full-plot,net-floral,avtar_168_1_d _full-plot_net-floral,flying,w,,,,,  ,,flying low
2024-05-23,"RG, AD",avtar_168,2024_r2,d,full-plot,net-floral,avtar_168_1_d _full-plot_net-floral,,,,,,,  ,May 23 Bee 2,Mixtus? Photo on Robin's phone. All info except for species left blank.
2024-05-24,AD,surjit_168,2024_r2,p1,full-plot,net-floral,surjit_168_1_p1_full-plot_net-floral,flying,,,,,,  ,, 
2024-05-24,AD,surjit_168,2024_r2,p1,full-plot,net-floral,surjit_168_1_p1_full-plot_net-floral,flying,,,,,,  ,, 
2024-05-24,RG,surjit_168,2024_r2,p2,full-plot,net-floral,surjit_168_1_p2_full-plot_net-floral,flying,,,,,,  ,, 
2024-05-24,RG,surjit_168,2024_r2,p2,full-plot,net-floral,surjit_168_1_p2_full-plot_net-floral,flying,,,,,,  ,, 
2024-05-24,RG,surjit_168,2024_r2,p2,full-plot,net-floral,surjit_168_1_p2_full-plot_net-floral,flying,,,,,,  ,, 
2024-05-24,RG,surjit_168,2024_r2,p2,full-plot,net-floral,surjit_168_1_p2_full-plot_net-floral,foraging,w,vaco,vaccinium_corymbosum,bovo,bombus_vosnesenskii,  ,, 
2024-05-24,RG,surjit_168,2024_r2,p2,full-plot,net-floral,surjit_168_1_p2_full-plot_net-floral,foraging,w,vaco,vaccinium_corymbosum,bovo,bombus_vosnesenskii,  ,, 
2024-05-24,RG,surjit_168,2024_r2,p2,full-plot,net-floral,surjit_168_1_p2_full-plot_net-floral,foraging,,vaco,vaccinium_corymbosum,,,  ,,Huntii? w?
2024-05-24,"RG, AD",surjit_168,2024_r2,d,full-plot,net-floral,surjit_168_1_d _full-plot_net-floral,flying,,,,,,  ,,one imp Q flying after survey
2024-06-05,AD,lbf_ladnertrunk,2024_r2,p1,full-plot,net-floral,lbf_ladnertrunk_1_p1_full-plot_net-floral,flying,q,,,boim,bombus_impatiens,  ,, 
2024-06-05,AD,lbf_ladnertrunk,2024_r2,p1,full-plot,net-floral,lbf_ladnertrunk_1_p1_full-plot_net-floral,flying,,,,,,  ,, 
2024-06-05,AD,lbf_ladnertrunk,2024_r2,p1,full-plot,net-floral,lbf_ladnertrunk_1_p1_full-plot_net-floral,flying,,,,,,  ,, 
2024-06-05,AD,lbf_ladnertrunk,2024_r2,p1,full-plot,net-floral,lbf_ladnertrunk_1_p1_full-plot_net-floral,foraging,w,vaco,vaccinium_corymbosum,boim,bombus_impatiens,  ,, 
2024-06-05,RG,lbf_ladnertrunk,2024_r2,p2,full-plot,net-floral,lbf_ladnertrunk_1_p2_full-plot_net-floral,foraging,q,vaco,vaccinium_corymbosum,bomi,bombus_mixtus,  ,,~1.5-2cm long
2024-06-05,RG,lbf_ladnertrunk,2024_r2,p2,full-plot,net-floral,lbf_ladnertrunk_1_p2_full-plot_net-floral,foraging,w,vaco,vaccinium_corymbosum,bomi,bombus_mixtus,  ,, 
2024-06-05,RG,lbf_ladnertrunk,2024_r2,p2,full-plot,net-floral,lbf_ladnertrunk_1_p2_full-plot_net-floral,foraging,w,vaco,vaccinium_corymbosum,bomi,bombus_mixtus,  ,, 
2024-06-05,RG,lbf_ladnertrunk,2024_r2,p2,full-plot,net-floral,lbf_ladnertrunk_1_p2_full-plot_net-floral,foraging,q,vaco,vaccinium_corymbosum,boru,bombus_rufocinctus,  ,, 
2024-06-05,RG,lbf_ladnertrunk,2024_r2,p2,full-plot,net-floral,lbf_ladnertrunk_1_p2_full-plot_net-floral,flying,,,,,,  ,, 
2024-06-05,RG,lbf_ladnertrunk,2024_r2,p2,full-plot,net-floral,lbf_ladnertrunk_1_p2_full-plot_net-floral,foraging,w,vaco,vaccinium_corymbosum,,,  ,, 
2024-06-05,RG,lbf_ladnertrunk,2024_r2,p2,full-plot,net-floral,lbf_ladnertrunk_1_p2_full-plot_net-floral,flying,q,,,,,  ,, 
2024-06-05,RG,lbf_ladnertrunk,2024_r2,p2,full-plot,net-floral,lbf_ladnertrunk_1_p2_full-plot_net-floral,flying,q,,,,,  ,, 
2024-06-05,NC,lbf_ladnertrunk,2024_r2,d,full-plot,net-floral,lbf_ladnertrunk_1_d _full-plot_net-floral,foraging,w,ruar,rubus_armeniacus,bomi,bombus_mixtus,  ,, 
2024-06-05,NC,lbf_ladnertrunk,2024_r2,d,full-plot,net-floral,lbf_ladnertrunk_1_d _full-plot_net-floral,foraging,w,ruar,rubus_armeniacus,bome,bombus_melanopygus,  ,, 
2024-06-05,NC,lbf_ladnertrunk,2024_r2,d,full-plot,net-floral,lbf_ladnertrunk_1_d _full-plot_net-floral,foraging,w,ruar,rubus_armeniacus,,,  ,, 
2024-06-05,NC,lbf_ladnertrunk,2024_r2,d,full-plot,net-floral,lbf_ladnertrunk_1_d _full-plot_net-floral,flying,w,,,,,  ,, 
2024-06-05,NC,lbf_ladnertrunk,2024_r2,d,full-plot,net-floral,lbf_ladnertrunk_1_d _full-plot_net-floral,flying,q,,,,,  ,, 
2024-06-05,NC,lbf_ladnertrunk,2024_r2,d,full-plot,net-floral,lbf_ladnertrunk_1_d _full-plot_net-floral,nest_searching,q,,,,,  ,, 
2024-06-05,NC,sandhu_ladnertrunk,2024_r2,d,full-plot,net-floral,sandhu_ladnertrunk_1_d _full-plot_net-floral,resting,q,,,boru,bombus_rufocinctus,  ,, 
2024-06-05,NC,sandhu_ladnertrunk,2024_r2,d,full-plot,net-floral,sandhu_ladnertrunk_1_d _full-plot_net-floral,flying,w,,,bomi,bombus_mixtus,  ,, 
2024-06-05,NC,sandhu_ladnertrunk,2024_r2,d,full-plot,net-floral,sandhu_ladnertrunk_1_d _full-plot_net-floral,flying,w,,,bomi,bombus_mixtus,  ,, 
2024-06-05,NC,sandhu_ladnertrunk,2024_r2,d,full-plot,net-floral,sandhu_ladnertrunk_1_d _full-plot_net-floral,flying,w,,,bomi,bombus_mixtus,  ,, 
2024-06-05,NC,sandhu_ladnertrunk,2024_r2,d,full-plot,net-floral,sandhu_ladnertrunk_1_d _full-plot_net-floral,flying,w,,,bomi,bombus_mixtus,  ,, 
2024-06-05,NC,sandhu_ladnertrunk,2024_r2,d,full-plot,net-floral,sandhu_ladnertrunk_1_d _full-plot_net-floral,flying,w,,,bomi,bombus_mixtus,  ,, 
2024-06-05,NC,sandhu_ladnertrunk,2024_r2,d,full-plot,net-floral,sandhu_ladnertrunk_1_d _full-plot_net-floral,flying,w,,,bomi,bombus_mixtus,  ,, 
2024-06-05,NC,sandhu_ladnertrunk,2024_r2,d,full-plot,net-floral,sandhu_ladnertrunk_1_d _full-plot_net-floral,flying,q,,,boru,bombus_rufocinctus,  ,, 
2024-06-05,NC,sandhu_ladnertrunk,2024_r2,d,full-plot,net-floral,sandhu_ladnertrunk_1_d _full-plot_net-floral,flying,w,,,,,  ,, 
2024-06-05,NC,sandhu_ladnertrunk,2024_r2,d,full-plot,net-floral,sandhu_ladnertrunk_1_d _full-plot_net-floral,flying,w,,,,,  ,, 
2024-06-05,AD,sandhu_ladnertrunk,2024_r2,p1,full-plot,net-floral,sandhu_ladnertrunk_1_p1_full-plot_net-floral,flying,,,,,,  ,, 
2024-06-05,AD,sandhu_ladnertrunk,2024_r2,p1,full-plot,net-floral,sandhu_ladnertrunk_1_p1_full-plot_net-floral,flying,,,,,,  ,, 
2024-06-05,AD,sandhu_ladnertrunk,2024_r2,p1,full-plot,net-floral,sandhu_ladnertrunk_1_p1_full-plot_net-floral,foraging,,vaco,vaccinium_corymbosum,bome,bombus_melanopygus,  ,, 
2024-06-05,RG,sandhu_ladnertrunk,2024_r2,p2,full-plot,net-floral,sandhu_ladnertrunk_1_p2_full-plot_net-floral,flying,w,,,bovo,bombus_vosnesenskii,  ,, 
2024-06-05,RG,sandhu_ladnertrunk,2024_r2,p2,full-plot,net-floral,sandhu_ladnertrunk_1_p2_full-plot_net-floral,flying,,,,,,  ,, 
2024-06-05,RG,sandhu_ladnertrunk,2024_r2,p2,full-plot,net-floral,sandhu_ladnertrunk_1_p2_full-plot_net-floral,flying,,,,,,  ,, 
2024-06-05,RG,sandhu_ladnertrunk,2024_r2,p2,full-plot,net-floral,sandhu_ladnertrunk_1_p2_full-plot_net-floral,flying,,,,,,  ,, 
2024-06-05,RG,sandhu_ladnertrunk,2024_r2,p2,full-plot,net-floral,sandhu_ladnertrunk_1_p2_full-plot_net-floral,flying,,,,,,  ,, 
2024-06-05,RG,sandhu_ladnertrunk,2024_r2,p2,full-plot,net-floral,sandhu_ladnertrunk_1_p2_full-plot_net-floral,flying,,,,,,  ,, 
2024-06-05,RG,sandhu_ladnertrunk,2024_r2,p2,full-plot,net-floral,sandhu_ladnertrunk_1_p2_full-plot_net-floral,flying,,,,,,  ,, 
2024-06-05,RG,sandhu_ladnertrunk,2024_r2,p2,full-plot,net-floral,sandhu_ladnertrunk_1_p2_full-plot_net-floral,flying,,,,,,  ,, 
2024-06-05,RG,sandhu_ladnertrunk,2024_r2,p2,full-plot,net-floral,sandhu_ladnertrunk_1_p2_full-plot_net-floral,foraging,w,vaco,vaccinium_corymbosum,bomi,bombus_mixtus,  ,, 
2024-06-05,RG,sandhu_ladnertrunk,2024_r2,p2,full-plot,net-floral,sandhu_ladnertrunk_1_p2_full-plot_net-floral,foraging,w,vaco,vaccinium_corymbosum,bohu,bombus_huntii,  ,, 
2024-06-06,AD,bks_56,2024_r2,d,full-plot,net-floral,bks_56_1_d _full-plot_net-floral,flying,,,,,,  ,,
2024-06-06,AD,bks_56,2024_r2,d,full-plot,net-floral,bks_56_1_d _full-plot_net-floral,flying,w,,,boru,bombus_rufocinctus,  ,,flying low
2024-06-06,AD,bks_56,2024_r2,d,full-plot,net-floral,bks_56_1_d _full-plot_net-floral,flying,,,,,,  ,,
2024-06-06,AD,bks_56,2024_r2,d,full-plot,net-floral,bks_56_1_d _full-plot_net-floral,foraging,w,ronu,rosa_nutka,boru,bombus_rufocinctus,  ,,
2024-06-06,AD,bks_56,2024_r2,d,full-plot,net-floral,bks_56_1_d _full-plot_net-floral,foraging,w,ronu,rosa_nutka,boim,bombus_impatiens,  ,,
2024-06-06,AD,bks_56,2024_r2,d,full-plot,net-floral,bks_56_1_d _full-plot_net-floral,foraging,w,ronu,rosa_nutka,boim,bombus_impatiens,  ,,
2024-06-06,AD,bks_56,2024_r2,d,full-plot,net-floral,bks_56_1_d _full-plot_net-floral,foraging,w,ronu,rosa_nutka,boim,bombus_impatiens,  ,,
2024-06-06,AD,bks_56,2024_r2,d,full-plot,net-floral,bks_56_1_d _full-plot_net-floral,foraging,w,ronu,rosa_nutka,boim,bombus_impatiens,  ,,
2024-06-06,AD,bks_56,2024_r2,d,full-plot,net-floral,bks_56_1_d _full-plot_net-floral,foraging,w,ronu,rosa_nutka,boim,bombus_impatiens,  ,,
2024-06-06,AD,bks_56,2024_r2,d,full-plot,net-floral,bks_56_1_d _full-plot_net-floral,foraging,w,ronu,rosa_nutka,boim,bombus_impatiens,  ,,
2024-06-06,AD,bks_56,2024_r2,d,full-plot,net-floral,bks_56_1_d _full-plot_net-floral,foraging,w,ronu,rosa_nutka,boim,bombus_impatiens,  ,,
2024-06-06,AD,bks_56,2024_r2,d,full-plot,net-floral,bks_56_1_d _full-plot_net-floral,foraging,w,ronu,rosa_nutka,bovo,bombus_vosnesenskii,  ,,
2024-06-06,AD,bks_56,2024_r2,d,full-plot,net-floral,bks_56_1_d _full-plot_net-floral,foraging,w,ronu,rosa_nutka,bovo,bombus_vosnesenskii,  ,,
2024-06-06,AD,bks_56,2024_r2,d,full-plot,net-floral,bks_56_1_d _full-plot_net-floral,foraging,w,ronu,rosa_nutka,bovo,bombus_vosnesenskii,  ,,
2024-06-06,AD,bks_56,2024_r2,d,full-plot,net-floral,bks_56_1_d _full-plot_net-floral,foraging,w,ronu,rosa_nutka,bovo,bombus_vosnesenskii,  ,,
2024-06-06,AD,bks_56,2024_r2,d,full-plot,net-floral,bks_56_1_d _full-plot_net-floral,foraging,w,ronu,rosa_nutka,bovo,bombus_vosnesenskii,  ,,
2024-06-06,RG,bks_56,2024_r2,p2,full-plot,net-floral,bks_56_1_p2_full-plot_net-floral,flying,w,,,bome,bombus_melanopygus,  ,,
2024-06-06,RG,bks_56,2024_r2,p2,full-plot,net-floral,bks_56_1_p2_full-plot_net-floral,flying,w,,,bome,bombus_melanopygus,  ,,
2024-06-06,RG,bks_56,2024_r2,p2,full-plot,net-floral,bks_56_1_p2_full-plot_net-floral,resting,w,,,bovo,bombus_vosnesenskii,  ,,
2024-06-06,RG,bks_56,2024_r2,p2,full-plot,net-floral,bks_56_1_p2_full-plot_net-floral,flying,w,,,,,  ,,Tiny (<1cm)
2024-06-06,RG,bks_56,2024_r2,p2,full-plot,net-floral,bks_56_1_p2_full-plot_net-floral,foraging,w,vaco,vaccinium_corymbosum,bomi,bombus_mixtus,  ,,
2024-06-06,RG,bks_56,2024_r2,p2,full-plot,net-floral,bks_56_1_p2_full-plot_net-floral,foraging,q,vaco,vaccinium_corymbosum,bomi,bombus_mixtus,  ,June 6 Bee 1,Photo to show Tyler
2024-06-06,RG,bks_56,2024_r2,p2,full-plot,net-floral,bks_56_1_p2_full-plot_net-floral,foraging,w,vaco,vaccinium_corymbosum,boim,bombus_impatiens,  ,,
2024-06-06,RG,bks_56,2024_r2,p2,full-plot,net-floral,bks_56_1_p2_full-plot_net-floral,foraging,w,vaco,vaccinium_corymbosum,boru,bombus_rufocinctus,  ,,
2024-06-06,RG,bks_56,2024_r2,p2,full-plot,net-floral,bks_56_1_p2_full-plot_net-floral,foraging,w,vaco,vaccinium_corymbosum,bome,bombus_melanopygus,  ,,
2024-06-06,RG,bks_56,2024_r2,p2,full-plot,net-floral,bks_56_1_p2_full-plot_net-floral,flying,,,,,,  ,,
2024-06-06,RG,bks_56,2024_r2,p2,full-plot,net-floral,bks_56_1_p2_full-plot_net-floral,flying,,,,,,  ,,
2024-06-06,RG,bks_56,2024_r2,p2,full-plot,net-floral,bks_56_1_p2_full-plot_net-floral,flying,,,,,,  ,,
2024-06-06,RG,bks_56,2024_r2,p2,full-plot,net-floral,bks_56_1_p2_full-plot_net-floral,flying,,,,,,  ,,
2024-06-06,RG,bks_56,2024_r2,p1,full-plot,net-floral,bks_56_1_p1_full-plot_net-floral,foraging,,vaco,vaccinium_corymbosum,,,  ,,
2024-06-06,RG,bks_56,2024_r2,p1,full-plot,net-floral,bks_56_1_p1_full-plot_net-floral,foraging,,vaco,vaccinium_corymbosum,,,  ,,
2024-06-06,RG,bks_56,2024_r2,p1,full-plot,net-floral,bks_56_1_p1_full-plot_net-floral,flying,,vaco,vaccinium_corymbosum,,,  ,,
2024-06-06,AD,bates_57b,2024_r2,d,full-plot,net-floral,bates_57b_1_d _full-plot_net-floral,flying,,,,,,  ,,
2024-06-06,AD,bates_57b,2024_r2,d,full-plot,net-floral,bates_57b_1_d _full-plot_net-floral,foraging,q,trre,trifolium_repens,boim,bombus_impatiens,  ,,
2024-06-06,AD,bates_57b,2024_r2,d,full-plot,net-floral,bates_57b_1_d _full-plot_net-floral,foraging,q,trre,trifolium_repens,boim,bombus_impatiens,  ,,
2024-06-06,AD,bates_57b,2024_r2,d,full-plot,net-floral,bates_57b_1_d _full-plot_net-floral,foraging,,trre,trifolium_repens,bomi,bombus_mixtus,  ,,
2024-06-06,AD,bates_57b,2024_r2,d,full-plot,net-floral,bates_57b_1_d _full-plot_net-floral,foraging,w,trre,trifolium_repens,boim,bombus_impatiens,  ,,
2024-06-06,AD,bates_57b,2024_r2,d,full-plot,net-floral,bates_57b_1_d _full-plot_net-floral,foraging,w,trre,trifolium_repens,boim,bombus_impatiens,  ,,maybe m
2024-06-06,RG,bates_57b,2024_r2,p1,full-plot,net-floral,bates_57b_1_p1_full-plot_net-floral,nest_searching,q,,,boim,bombus_impatiens,  ,,
2024-06-06,RG,bates_57b,2024_r2,p1,full-plot,net-floral,bates_57b_1_p1_full-plot_net-floral,nest_searching,q,,,boim,bombus_impatiens,  ,,
2024-06-06,RG,bates_57b,2024_r2,p1,full-plot,net-floral,bates_57b_1_p1_full-plot_net-floral,foraging,q,vaco,vaccinium_corymbosum,,,  ,,
2024-06-06,RG,bates_57b,2024_r2,p1,full-plot,net-floral,bates_57b_1_p1_full-plot_net-floral,foraging,,vaco,vaccinium_corymbosum,,,  ,,
2024-06-06,RG,bates_57b,2024_r2,p1,full-plot,net-floral,bates_57b_1_p1_full-plot_net-floral,flying,,,,,,  ,,
2024-06-06,RG,bates_57b,2024_r2,p2,full-plot,net-floral,bates_57b_1_p2_full-plot_net-floral,foraging,w,vaco,vaccinium_corymbosum,,,  ,,mixtus?
2024-06-06,RG,bates_57b,2024_r2,p2,full-plot,net-floral,bates_57b_1_p2_full-plot_net-floral,flying,,vaco,vaccinium_corymbosum,,,  ,,
2024-06-06,RG,bates_57b,2024_r2,p2,full-plot,net-floral,bates_57b_1_p2_full-plot_net-floral,flying,,vaco,vaccinium_corymbosum,,,  ,,
2024-06-06,RG,bates_57b,2024_r2,p2,full-plot,net-floral,bates_57b_1_p2_full-plot_net-floral,flying,,vaco,vaccinium_corymbosum,,,  ,,
2024-06-18,RG,chong_68,2024_r3,p1,full-plot,net-floral,chong_68_2_p1_full-plot_net-floral,flying,q,,,,,  ,, 
2024-06-18,RG,chong_68,2024_r3,p1,full-plot,net-floral,chong_68_2_p1_full-plot_net-floral,flying,w,,,,,  ,, 
2024-06-18,RG,chong_68,2024_r3,p1,full-plot,net-floral,chong_68_2_p1_full-plot_net-floral,flying,w,,,,,  ,, 
2024-06-18,RG,chong_68,2024_r3,d,full-plot,net-floral,chong_68_2_d _full-plot_net-floral,foraging,w,vaco,vaccinium_corymbosum,bomi,bombus_mixtus,  ,June 18 Bee 1, 
2024-06-18,RG,chong_68,2024_r3,d,full-plot,net-floral,chong_68_2_d _full-plot_net-floral,foraging,w,vaco,vaccinium_corymbosum,,,  ,, 
2024-06-18,RG,bks_68,2024_r3,p2,full-plot,net-floral,bks_68_2_p2_full-plot_net-floral,flying,q,,,,,  ,, 
2024-06-18,RG,bks_68,2024_r3,p2,full-plot,net-floral,bks_68_2_p2_full-plot_net-floral,flying,q,,,,,  ,, 
2024-06-18,RG,bks_68,2024_r3,p2,full-plot,net-floral,bks_68_2_p2_full-plot_net-floral,flying,w,,,,,  ,, 
2024-06-19,RG,bks_96,2024_r3,p2,full-plot,net-floral,bks_96_2_p2_full-plot_net-floral,flying,,,,,,  ,,
2024-06-19,RG,bks_96,2024_r3,p2,full-plot,net-floral,bks_96_2_p2_full-plot_net-floral,flying,,,,,,  ,,
2024-06-19,RG,bks_96,2024_r3,p2,full-plot,net-floral,bks_96_2_p2_full-plot_net-floral,flying,,,,,,  ,,
2024-06-19,RG,bks_96,2024_r3,p2,full-plot,net-floral,bks_96_2_p2_full-plot_net-floral,flying,,,,,,  ,,
2024-06-19,RG,bks_96,2024_r3,p2,full-plot,net-floral,bks_96_2_p2_full-plot_net-floral,flying,,,,,,  ,,
2024-06-19,RG,bks_96,2024_r3,p2,full-plot,net-floral,bks_96_2_p2_full-plot_net-floral,flying,q,,,,,  ,,
2024-06-19,RG,bks_96,2024_r3,p2,full-plot,net-floral,bks_96_2_p2_full-plot_net-floral,flying,q,,,boim,bombus_impatiens,  ,,
2024-06-19,"RG, AD",bks_96,2024_r3,d,full-plot,net-floral,bks_96_2_d _full-plot_net-floral,flying,,,,,,  ,,flew into tall grass. Saw 1 rufo w foraging on nootka rose after survey.
2024-06-19,"RG, AD",chong_96,2024_r3,d,full-plot,net-floral,chong_96_2_d _full-plot_net-floral,flying,,,,,,  ,,
2024-06-19,"RG, AD",chong_96,2024_r3,d,full-plot,net-floral,chong_96_2_d _full-plot_net-floral,flying,,,,,,  ,,
2024-06-19,"RG, AD",chong_96,2024_r3,d,full-plot,net-floral,chong_96_2_d _full-plot_net-floral,foraging,,trre,trifolium_repens,bohu,bombus_huntii,  ,,w/m?
2024-06-19,"RG, AD",chong_96,2024_r3,d,full-plot,net-floral,chong_96_2_d _full-plot_net-floral,flying,,,,,,  ,,
2024-06-20,AD,gwb_neaves,2024_r3,p2,full-plot,net-floral,gwb_neaves_2_p2_full-plot_net-floral,flying,,,,,,  ,,
2024-06-20,"RG, AD",gwb_neaves,2024_r3,d,full-plot,net-floral,gwb_neaves_2_d _full-plot_net-floral,foraging,m,ruul,rubus_ulmifolius,boim,bombus_impatiens,  ,,1    imp foraging on RUUL seen outside of survey time
2024-06-20,AD,bks_neaves,2024_r3,p1,full-plot,net-floral,bks_neaves_2_p1_full-plot_net-floral,flying,,,,,,  ,,
2024-06-20,AD,bks_neaves,2024_r3,d,full-plot,net-floral,bks_neaves_2_d _full-plot_net-floral,flying,,,,,,  ,,
2024-06-20,AD,bks_neaves,2024_r3,d,full-plot,net-floral,bks_neaves_2_d _full-plot_net-floral,flying,w,,,boim,bombus_impatiens,  ,,
2024-06-20,AD,bks_neaves,2024_r3,d,full-plot,net-floral,bks_neaves_2_d _full-plot_net-floral,flying,q,,,,,  ,,
2024-06-20,AD,bks_neaves,2024_r3,d,full-plot,net-floral,bks_neaves_2_d _full-plot_net-floral,nest_searching,q,,,boim,bombus_impatiens,  ,,flying low in tall grass
2024-06-21,RG,bates_57b,2024_r3,d,full-plot,net-floral,bates_57b_2_d _full-plot_net-floral,flying,m,,,boru,bombus_rufocinctus,y,June 21 Bee 1,Check photo of bee 1 
2024-06-21,RG,bates_57b,2024_r3,d,full-plot,net-floral,bates_57b_2_d _full-plot_net-floral,flying,m,,,boru,bombus_rufocinctus,y,June 21 Bee 1,Check photo of bee 1 (same species)
2024-06-21,RG,bates_57b,2024_r3,d,full-plot,net-floral,bates_57b_2_d _full-plot_net-floral,flying,m,,,boru,bombus_rufocinctus,y,June 21 Bee 1,Check photo of bee 1 (same species)
2024-06-21,RG,bates_57b,2024_r3,d,full-plot,net-floral,bates_57b_2_d _full-plot_net-floral,foraging,m,trre,trifolium_repens,boim,bombus_impatiens,  ,,
2024-07-02,NC,sandhu_ladnertrunk,2024_r3,p1,full-plot,net-floral,sandhu_ladnertrunk_2_p1_full-plot_net-floral,flying,w,,,boru,bombus_rufocinctus,  ,,
2024-07-02,AD,sandhu_ladnertrunk,2024_r3,d,full-plot,net-floral,sandhu_ladnertrunk_2_d _full-plot_net-floral,foraging,,chan,chamaenerion_angustifolium,,,  ,,
2024-07-02,AD,sandhu_ladnertrunk,2024_r3,d,full-plot,net-floral,sandhu_ladnertrunk_2_d _full-plot_net-floral,foraging,,chan,chamaenerion_angustifolium,,,  ,,
2024-07-02,AD,sandhu_ladnertrunk,2024_r3,d,full-plot,net-floral,sandhu_ladnertrunk_2_d _full-plot_net-floral,foraging,,chan,chamaenerion_angustifolium,,,  ,,
2024-07-02,AD,sandhu_ladnertrunk,2024_r3,d,full-plot,net-floral,sandhu_ladnertrunk_2_d _full-plot_net-floral,foraging,,chan,chamaenerion_angustifolium,,,  ,,
2024-07-02,AD,sandhu_ladnertrunk,2024_r3,d,full-plot,net-floral,sandhu_ladnertrunk_2_d _full-plot_net-floral,foraging,m,chan,chamaenerion_angustifolium,boru,bombus_rufocinctus,y,July 2 Bee 1,m? rufo?
2024-07-02,AD,sandhu_ladnertrunk,2024_r3,d,full-plot,net-floral,sandhu_ladnertrunk_2_d _full-plot_net-floral,foraging,m,chan,chamaenerion_angustifolium,boru,bombus_rufocinctus,y,July 2 Bee 2,m? rufo?
2024-07-02,AD,sandhu_ladnertrunk,2024_r3,d,full-plot,net-floral,sandhu_ladnertrunk_2_d _full-plot_net-floral,foraging,m,chan,chamaenerion_angustifolium,,,y,July 2 Bee 3,m?
2024-07-02,AD,sandhu_ladnertrunk,2024_r3,d,full-plot,net-floral,sandhu_ladnertrunk_2_d _full-plot_net-floral,foraging,m,chan,chamaenerion_angustifolium,boru,bombus_rufocinctus,y,July 2 Bee 4,m? rufo?
2024-07-02,AD,sandhu_ladnertrunk,2024_r3,d,full-plot,net-floral,sandhu_ladnertrunk_2_d _full-plot_net-floral,flying,,,,,,  ,,
2024-07-02,AD,sandhu_ladnertrunk,2024_r3,d,full-plot,net-floral,sandhu_ladnertrunk_2_d _full-plot_net-floral,flying,,,,,,  ,,
2024-07-02,AD,sandhu_ladnertrunk,2024_r3,d,full-plot,net-floral,sandhu_ladnertrunk_2_d _full-plot_net-floral,flying,,,,,,  ,,
2024-07-02,AD,sandhu_ladnertrunk,2024_r3,d,full-plot,net-floral,sandhu_ladnertrunk_2_d _full-plot_net-floral,flying,,,,,,  ,,
2024-07-02,AD,sandhu_ladnertrunk,2024_r3,d,full-plot,net-floral,sandhu_ladnertrunk_2_d _full-plot_net-floral,flying,,,,,,  ,,
2024-07-02,AD,sandhu_ladnertrunk,2024_r3,d,full-plot,net-floral,sandhu_ladnertrunk_2_d _full-plot_net-floral,flying,,,,,,  ,,
2024-07-02,AD,sandhu_ladnertrunk,2024_r3,d,full-plot,net-floral,sandhu_ladnertrunk_2_d _full-plot_net-floral,flying,,,,,,  ,,
2024-07-02,AD,sandhu_ladnertrunk,2024_r3,d,full-plot,net-floral,sandhu_ladnertrunk_2_d _full-plot_net-floral,flying,,,,,,  ,,
2024-07-02,AD,sandhu_ladnertrunk,2024_r3,d,full-plot,net-floral,sandhu_ladnertrunk_2_d _full-plot_net-floral,foraging,,ropa,rorippa_palustris,boru,bombus_rufocinctus,  ,,w or m
2024-07-02,AD,sandhu_ladnertrunk,2024_r3,d,full-plot,net-floral,sandhu_ladnertrunk_2_d _full-plot_net-floral,flying,w,,,bovo,bombus_vosnesenskii,  ,,pollen
2024-07-02,AD,lbf_ladnertrunk,2024_r3,p2,full-plot,net-floral,lbf_ladnertrunk_2_p2_full-plot_net-floral,flying,,,,,,  ,,
2024-07-02,RG,lbf_ladnertrunk,2024_r3,d,full-plot,net-floral,lbf_ladnertrunk_2_d _full-plot_net-floral,flying,,,,,,  ,,impatiens maybe
2024-07-02,RG,lbf_ladnertrunk,2024_r3,d,full-plot,net-floral,lbf_ladnertrunk_2_d _full-plot_net-floral,resting,,ruul,rubus_ulmifolius,boru,bombus_rufocinctus,  ,,M or W resting on a leaf. Likely a w but didn't see pollen before it flew away
2024-07-03,NC,surjit_168,2024_r3,p1,full-plot,net-floral,surjit_168_2_p1_full-plot_net-floral,flying,,,,,,  ,,
2024-07-03,NC,surjit_168,2024_r3,p1,full-plot,net-floral,surjit_168_2_p1_full-plot_net-floral,flying,,,,,,  ,,
2024-07-03,AD,avtar_168,2024_r3,p2,full-plot,net-floral,avtar_168_2_p2_full-plot_net-floral,flying,,,,boru,bombus_rufocinctus,  ,July 3 Bee 2,
2024-07-03,NC,avtar_168,2024_r3,p1,full-plot,net-floral,avtar_168_2_p1_full-plot_net-floral,resting,m,,,boru,bombus_rufocinctus,  ,July 3 Bee 4,
2024-07-03,NC,avtar_168,2024_r3,p1,full-plot,net-floral,avtar_168_2_p1_full-plot_net-floral,resting,m,,,boru,bombus_rufocinctus,  ,July 3 Bee 5,
2024-07-03,NC,avtar_168,2024_r3,p1,full-plot,net-floral,avtar_168_2_p1_full-plot_net-floral,flying,,,,,,  ,,
2024-07-03,NC,avtar_168,2024_r3,p1,full-plot,net-floral,avtar_168_2_p1_full-plot_net-floral,flying,,,,,,  ,,
2024-07-03,NC,avtar_168,2024_r3,p1,full-plot,net-floral,avtar_168_2_p1_full-plot_net-floral,flying,,,,,,  ,,
2024-07-03,NC,avtar_168,2024_r3,p1,full-plot,net-floral,avtar_168_2_p1_full-plot_net-floral,flying,,,,,,  ,,
2024-07-03,NC,avtar_168,2024_r3,p1,full-plot,net-floral,avtar_168_2_p1_full-plot_net-floral,flying,,,,,,  ,,
2024-07-03,NC,avtar_168,2024_r3,p1,full-plot,net-floral,avtar_168_2_p1_full-plot_net-floral,flying,,,,,,  ,,
2024-07-03,NC,avtar_168,2024_r3,p1,full-plot,net-floral,avtar_168_2_p1_full-plot_net-floral,flying,,,,,,  ,,
2024-07-03,NC,avtar_168,2024_r3,p1,full-plot,net-floral,avtar_168_2_p1_full-plot_net-floral,nest_searching,,,,,,  ,,
2024-07-03,RG,avtar_168,2024_r3,d,full-plot,net-floral,avtar_168_2_d _full-plot_net-floral,foraging,w,rare,ranunculus_repens,boru,bombus_rufocinctus,  ,July 3 Bee 6,"pollen, photo"
2025-04-03,TK,lbf_ladnertrunk,2025_r1,p1,full-plot,net-floral,lbf_ladnertrunk_NS_p1_full-plot_net-floral,flying,,,,,,n,,
2025-04-03,TK,lbf_ladnertrunk,2025_r1,p2,full-plot,net-floral,lbf_ladnertrunk_NS_p2_full-plot_net-floral,foraging,,,,,,n,,
2025-04-04,RG,chong_68,2025_r1,p2,full-plot,net-floral,chong_68_NS_p2_full-plot_net-floral,nest_searching,q,,,boim,bombus_impatiens,n,,
2025-04-05,RG,bks_68,2025_r1,d,full-plot,net-floral,bks_68_NS_d _full-plot_net-floral,flying,q,,,boim,bombus_impatiens,n,,
2025-04-06,RG,bks_68,2025_r1,p2,full-plot,net-floral,bks_68_NS_p2_full-plot_net-floral,flying,q,,,bomi,bombus_mixtus,n,,
2025-04-09,RG,chong_96,2025_r1,p1,full-plot,net-floral,chong_96_NS_p1_full-plot_net-floral,flying,q,taof,taraxacum_officinale,,,n,,
2025-04-09,RG,chong_96,2025_r1,p2,full-plot,net-floral,chong_96_NS_p2_full-plot_net-floral,nest_searching,q,cahi,cardamine_hirsuta,,,n,,
2025-04-09,RG,chong_96,2025_r1,p2,full-plot,net-floral,chong_96_NS_p2_full-plot_net-floral,foraging,q,,,,,n,,
2025-04-09,RG,chong_96,2025_r1,p2,full-plot,net-floral,chong_96_NS_p2_full-plot_net-floral,foraging,q,,,,,n,,
2025-04-09,RG,chong_96,2025_r1,p2,full-plot,net-floral,chong_96_NS_p2_full-plot_net-floral,foraging,q,,,,,n,,
2025-04-09,RG,bks_96,2025_r1,p1,full-plot,net-floral,bks_96_NS_p1_full-plot_net-floral,foraging,q,,,bomi,bombus_mixtus,n,,
2025-04-09,RG,bks_96,2025_r1,p1,full-plot,net-floral,bks_96_NS_p1_full-plot_net-floral,flying,q,,,,,n,,
2025-04-09,RG,bks_96,2025_r1,p1,full-plot,net-floral,bks_96_NS_p1_full-plot_net-floral,flying,q,,,,,n,,
2025-04-09,RG,bks_96,2025_r1,p1,full-plot,net-floral,bks_96_NS_p1_full-plot_net-floral,foraging,q,,,,,n,,
2025-04-09,RG,bks_96,2025_r1,p2,full-plot,net-floral,bks_96_NS_p2_full-plot_net-floral,foraging,q,vaco,vaccinium_corymbosum,,,n,,
2025-04-09,RG,bks_96,2025_r1,p2,full-plot,net-floral,bks_96_NS_p2_full-plot_net-floral,foraging,q,vaco,vaccinium_corymbosum,,,n,,
2025-04-09,RG,bks_96,2025_r1,p2,full-plot,net-floral,bks_96_NS_p2_full-plot_net-floral,flying,q,,,,,n,,
2025-04-09,RG,bks_96,2025_r1,p2,full-plot,net-floral,bks_96_NS_p2_full-plot_net-floral,flying,q,,,,,n,,
2025-04-09,RG,bks_96,2025_r1,p2,full-plot,net-floral,bks_96_NS_p2_full-plot_net-floral,flying,q,,,,,n,,
2025-04-09,RG,bks_96,2025_r1,p2,full-plot,net-floral,bks_96_NS_p2_full-plot_net-floral,foraging,q,vaco,vaccinium_corymbosum,bomi,bombus_impatiens,n,,
2025-04-09,RG,bks_96,2025_r1,p2,full-plot,net-floral,bks_96_NS_p2_full-plot_net-floral,foraging,q,vaco,vaccinium_corymbosum,bomi,bombus_impatiens,n,,
2025-04-09,RG,bks_96,2025_r1,d,full-plot,net-floral,bks_96_NS_d _full-plot_net-floral,nest_searching,q,,,boim,bombus_impatiens,n,,
2025-04-09,RG,bks_96,2025_r1,d,full-plot,net-floral,bks_96_NS_d _full-plot_net-floral,nest_searching,q,,,bovo,bombus_vosnesenskii,n,,
2025-04-14,RG,gwb_neaves,2025_r1,p1,full-plot,net-floral,gwb_neaves_NS_p1_full-plot_net-floral,flying,q,,,,bombus_impatiens,n,,
2025-04-14,RG,gwb_neaves,2025_r1,p2,full-plot,net-floral,gwb_neaves_NS_p2_full-plot_net-floral,flying,q,,,,,n,,
2025-04-14,RG,gwb_neaves,2025_r1,d,full-plot,net-floral,gwb_neaves_NS_d _full-plot_net-floral,nest_searching,q,,,boim,bombus_impatiens,n,,
2025-04-14,RG,gwb_neaves,2025_r1,d,full-plot,net-floral,gwb_neaves_NS_d _full-plot_net-floral,nest_searching,q,,,boim,bombus_impatiens,n,,
2025-04-14,RG,gwb_neaves,2025_r1,d,full-plot,net-floral,gwb_neaves_NS_d _full-plot_net-floral,nest_searching,q,,,boim,bombus_impatiens,n,,
2025-04-14,RG,gwb_neaves,2025_r1,d,full-plot,net-floral,gwb_neaves_NS_d _full-plot_net-floral,nest_searching,q,,,boim,bombus_impatiens,n,,
2025-04-14,RG,gwb_neaves,2025_r1,d,full-plot,net-floral,gwb_neaves_NS_d _full-plot_net-floral,nest_searching,q,,,boim,bombus_impatiens,n,,
2025-04-14,RG,gwb_neaves,2025_r1,d,full-plot,net-floral,gwb_neaves_NS_d _full-plot_net-floral,flying,q,,,boim,bombus_impatiens,n,,
2025-04-18,RG,avtar_168,2025_r1,p1,full-plot,net-floral,avtar_168_NS_p1_full-plot_net-floral,flying,q,,,,,n,,
2025-04-18,RG,avtar_168,2025_r1,p1,full-plot,net-floral,avtar_168_NS_p1_full-plot_net-floral,flying,q,,,,,n,,
2025-04-18,RG,avtar_168,2025_r1,p1,full-plot,net-floral,avtar_168_NS_p1_full-plot_net-floral,flying,q,,,,,n,,
2025-04-18,RG,avtar_168,2025_r1,p1,full-plot,net-floral,avtar_168_NS_p1_full-plot_net-floral,nest_searching,q,,,boim,bombus_impatiens,n,,
2025-04-18,RG,avtar_168,2025_r1,p1,full-plot,net-floral,avtar_168_NS_p1_full-plot_net-floral,foraging,q,vaco,vaccinium_corymbosum,boim,bombus_impatiens,n,,
2025-04-18,RG,avtar_168,2025_r1,p2,full-plot,net-floral,avtar_168_NS_p2_full-plot_net-floral,nest_searching,q,,,boim,bombus_impatiens,n,,
2025-04-18,RG,avtar_168,2025_r1,p2,full-plot,net-floral,avtar_168_NS_p2_full-plot_net-floral,nest_searching,q,,,boim,bombus_impatiens,n,,
2025-04-18,RG,avtar_168,2025_r1,p2,full-plot,net-floral,avtar_168_NS_p2_full-plot_net-floral,foraging,q,vaco,vaccinium_corymbosum,,,n,,
2025-04-18,RG,avtar_168,2025_r1,p2,full-plot,net-floral,avtar_168_NS_p2_full-plot_net-floral,foraging,q,vaco,vaccinium_corymbosum,,,n,,
2025-04-18,RG,avtar_168,2025_r1,p2,full-plot,net-floral,avtar_168_NS_p2_full-plot_net-floral,foraging,q,vaco,vaccinium_corymbosum,boim,bombus_impatiens,n,,
2025-04-18,RG,avtar_168,2025_r1,d,full-plot,net-floral,avtar_168_NS_d _full-plot_net-floral,nest_searching,q,,,boim,bombus_impatiens,n,,
2025-04-18,RG,surjit_168,2025_r1,p1,full-plot,net-floral,surjit_168_NS_p1_full-plot_net-floral,nest_searching,q,,,boim,bombus_impatiens,n,,
2025-04-18,RG,surjit_168,2025_r1,p1,full-plot,net-floral,surjit_168_NS_p1_full-plot_net-floral,nest_searching,q,,,boim,bombus_impatiens,n,,
2025-04-18,RG,surjit_168,2025_r1,p1,full-plot,net-floral,surjit_168_NS_p1_full-plot_net-floral,nest_searching,q,,,boim,bombus_impatiens,n,,
2025-04-11,RG,bks_56,2025_r1,p2,full-plot,net-floral,bks_56_NS1_p2_full-plot_net-floral,flying,q,,,boim,bombus_impatiens,n,,
2025-04-11,RG,bks_56,2025_r1,p2,full-plot,net-floral,bks_56_NS1_p2_full-plot_net-floral,foraging,q,,,bomi,bombus_mixtus,n,,
2025-04-11,RG,bks_56,2025_r1,d,full-plot,net-floral,bks_56_NS1_d _full-plot_net-floral,foraging,q,crmo,crataegus_monogy,boim,bombus_impatiens,n,,
2025-04-11,RG,bks_56,2025_r1,d,full-plot,net-floral,bks_56_NS1_d _full-plot_net-floral,nest_searching,q,,,bovo,bombus_vosnesenskii,n,,
2025-04-11,RG,bks_56,2025_r1,d,full-plot,net-floral,bks_56_NS1_d _full-plot_net-floral,nest_searching,q,,,bovo,bombus_vosnesenskii,n,,
2025-04-11,RG,bks_56,2025_r1,d,full-plot,net-floral,bks_56_NS1_d _full-plot_net-floral,nest_searching,q,,,boim,bombus_impatiens,n,,
2025-04-11,RG,bks_56,2025_r1,d,full-plot,net-floral,bks_56_NS1_d _full-plot_net-floral,nest_searching,q,,,boim,bombus_impatiens,n,,
2025-04-11,RG,bks_56,2025_r1,d,full-plot,net-floral,bks_56_NS1_d _full-plot_net-floral,nest_searching,q,,,boim,bombus_impatiens,n,,
2025-04-11,RG,bks_56,2025_r1,d,full-plot,net-floral,bks_56_NS1_d _full-plot_net-floral,nest_searching,q,,,boim,bombus_impatiens,n,,
2025-04-11,RG,bks_56,2025_r1,d,full-plot,net-floral,bks_56_NS1_d _full-plot_net-floral,flying,q,,,,,n,,
2025-04-27,RG,sandhu_ladnertrunk,2025_r2,p1,full-plot,net-floral,sandhu_ladnertrunk_NS_p1_full-plot_net-floral,nest_searching,q,,,,,n,,
2025-04-27,RG,sandhu_ladnertrunk,2025_r2,p1,full-plot,net-floral,sandhu_ladnertrunk_NS_p1_full-plot_net-floral,nest_searching,q,,,bovo,bombus_vosnesenskii,n,,
2025-04-27,RG,sandhu_ladnertrunk,2025_r2,p2,full-plot,net-floral,sandhu_ladnertrunk_NS_p2_full-plot_net-floral,flying,q,,,boim,bombus_impatiens,n,,
2025-04-27,RG,sandhu_ladnertrunk,2025_r2,p2,full-plot,net-floral,sandhu_ladnertrunk_NS_p2_full-plot_net-floral,foraging,q,,,boim,bombus_impatiens,n,,
2025-04-27,RG,sandhu_ladnertrunk,2025_r2,p2,full-plot,net-floral,sandhu_ladnertrunk_NS_p2_full-plot_net-floral,nest_searching,q,,,,,n,,
2025-04-27,RG,lbf_ladnertrunk,2025_r2,d,full-plot,net-floral,lbf_ladnertrunk_NS_d _full-plot_net-floral,nest_searching,q,,,,,n,,
2025-04-29,RG,chong_68,2025_r2,d,full-plot,net-floral,chong_68_NS_d _full-plot_net-floral,nest_searching,q,,,boim,bombus_impatiens,n,,
2025-04-29,RG,bks_68,2025_r2,p1,full-plot,net-floral,bks_68_NS_p1_full-plot_net-floral,foraging,q,vaco,vaccinium_corymbosum,bomi,bombus_mixtus,n,,
2025-04-29,RG,bks_68,2025_r2,p1,full-plot,net-floral,bks_68_NS_p1_full-plot_net-floral,foraging,q,vaco,vaccinium_corymbosum,boru,bombus_rufocinctus,n,,
2025-04-29,RG,bks_68,2025_r2,p1,full-plot,net-floral,bks_68_NS_p1_full-plot_net-floral,foraging,q,vaco,vaccinium_corymbosum,bovo,bombus_vosnesenskii,n,,
2025-04-29,RG,bks_68,2025_r2,p1,full-plot,net-floral,bks_68_NS_p1_full-plot_net-floral,foraging,q,vaco,vaccinium_corymbosum,boim,bombus_impatiens,n,,
2025-04-29,RG,bks_68,2025_r2,p1,full-plot,net-floral,bks_68_NS_p1_full-plot_net-floral,foraging,q,vaco,vaccinium_corymbosum,boim,bombus_impatiens,n,,
2025-04-29,RG,bks_68,2025_r2,p1,full-plot,net-floral,bks_68_NS_p1_full-plot_net-floral,flying,q,,,boim,bombus_impatiens,n,,
2025-04-29,RG,bks_68,2025_r2,p1,full-plot,net-floral,bks_68_NS_p1_full-plot_net-floral,flying,q,,,boim,bombus_impatiens,n,,
2025-04-29,RG,bks_68,2025_r2,p1,full-plot,net-floral,bks_68_NS_p1_full-plot_net-floral,flying,q,,,boim,bombus_impatiens,n,,
2025-04-29,RG,bks_68,2025_r2,p1,full-plot,net-floral,bks_68_NS_p1_full-plot_net-floral,flying,q,,,boim,bombus_impatiens,n,,
2025-04-29,RG,bks_68,2025_r2,p1,full-plot,net-floral,bks_68_NS_p1_full-plot_net-floral,flying,q,,,boim,bombus_impatiens,n,,
2025-04-29,RG,bks_68,2025_r2,p1,full-plot,net-floral,bks_68_NS_p1_full-plot_net-floral,foraging,q,vaco,vaccinium_corymbosum,boim,bombus_impatiens,n,,
2025-04-29,RG,bks_68,2025_r2,p1,full-plot,net-floral,bks_68_NS_p1_full-plot_net-floral,foraging,q,vaco,vaccinium_corymbosum,boim,bombus_impatiens,n,,
2025-04-29,RG,bks_68,2025_r2,d,full-plot,net-floral,bks_68_NS_d _full-plot_net-floral,flying,q,,,,,n,,
2025-04-29,RG,bks_68,2025_r2,p2,full-plot,net-floral,bks_68_NS_p2_full-plot_net-floral,flying,q,,,,,n,,
2025-04-30,RG,bates_57b,2025_r2,p1,full-plot,net-floral,bates_57b_NS_p1_full-plot_net-floral,foraging,q,vaco,vaccinium_corymbosum,boim,bombus_impatiens,n,,
2025-04-30,RG,bates_57b,2025_r2,p1,full-plot,net-floral,bates_57b_NS_p1_full-plot_net-floral,nest_searching,q,,,bovo,bombus_vosnesenskii,n,,
2025-04-30,RG,bates_57b,2025_r2,p1,full-plot,net-floral,bates_57b_NS_p1_full-plot_net-floral,flying,,,,,,n,,
2025-04-30,RG,bates_57b,2025_r2,p1,full-plot,net-floral,bates_57b_NS_p1_full-plot_net-floral,resting,m,,,boim,bombus_impatiens,n,,
2025-04-30,RG,bates_57b,2025_r2,p2,full-plot,net-floral,bates_57b_NS_p2_full-plot_net-floral,flying,q,,,,,n,,
2025-04-30,RG,bates_57b,2025_r2,p2,full-plot,net-floral,bates_57b_NS_p2_full-plot_net-floral,flying,q,,,boim,bombus_impatiens,n,,
2025-04-30,RG,bates_57b,2025_r2,p2,full-plot,net-floral,bates_57b_NS_p2_full-plot_net-floral,foraging,q,vaco,vaccinium_corymbosum,bohu,bombus_huntii,n,,
2025-04-30,RG,bates_57b,2025_r2,p2,full-plot,net-floral,bates_57b_NS_p2_full-plot_net-floral,foraging,q,vaco,vaccinium_corymbosum,bome,bombus_melanopygus,n,,
2025-04-30,RG,bates_57b,2025_r2,p2,full-plot,net-floral,bates_57b_NS_p2_full-plot_net-floral,foraging,q,vaco,vaccinium_corymbosum,bome,bombus_melanopygus,n,,
2025-04-30,RG,bates_57b,2025_r2,p2,full-plot,net-floral,bates_57b_NS_p2_full-plot_net-floral,flying,m,,,boim,bombus_impatiens,n,,
2025-04-30,RG,bates_57b,2025_r2,d,full-plot,net-floral,bates_57b_NS_d _full-plot_net-floral,nest_searching,q,,,boim,bombus_impatiens,n,,
2025-04-30,RG,bates_57b,2025_r2,d,full-plot,net-floral,bates_57b_NS_d _full-plot_net-floral,nest_searching,q,,,boim,bombus_impatiens,n,,
2025-04-30,RG,bates_57b,2025_r2,d,full-plot,net-floral,bates_57b_NS_d _full-plot_net-floral,nest_searching,q,,,bovo,bombus_vosnesenskii,n,,
2025-04-30,RG,bates_57b,2025_r2,d,full-plot,net-floral,bates_57b_NS_d _full-plot_net-floral,nest_searching,q,,,,,n,,
2025-04-30,RG,bates_57b,2025_r2,d,full-plot,net-floral,bates_57b_NS_d _full-plot_net-floral,flying,m,,,boim,bombus_impatiens,n,,
2025-04-30,RG,bates_57b,2025_r2,d,full-plot,net-floral,bates_57b_NS_d _full-plot_net-floral,flying,m,,,boim,bombus_impatiens,n,,
2025-04-30,RG,bates_57b,2025_r2,d,full-plot,net-floral,bates_57b_NS_d _full-plot_net-floral,foraging,m,taof,taraxacum_officinale,boim,bombus_impatiens,n,,
2025-04-30,RG,bks_56,2025_r2,d,full-plot,net-floral,bks_56_NS_d _full-plot_net-floral,nest_searching,q,,,boim,bombus_impatiens,n,,
2025-04-30,RG,bks_56,2025_r2,d,full-plot,net-floral,bks_56_NS_d _full-plot_net-floral,nest_searching,q,,,boim,bombus_impatiens,n,,
2025-04-30,RG,bks_56,2025_r2,d,full-plot,net-floral,bks_56_NS_d _full-plot_net-floral,flying,m,,,boim,bombus_impatiens,n,,
2025-04-30,RG,bks_56,2025_r2,d,full-plot,net-floral,bks_56_NS_d _full-plot_net-floral,flying,,,,,,n,,
2025-04-30,RG,bks_56,2025_r2,d,full-plot,net-floral,bks_56_NS_d _full-plot_net-floral,flying,,,,,,n,,
2025-05-01,RG,bks_96,2025_r2,p1,full-plot,net-floral,bks_96_NS_p1_full-plot_net-floral,flying,,,,,,n,,
2025-05-01,RG,bks_96,2025_r2,p2,full-plot,net-floral,bks_96_NS_p2_full-plot_net-floral,flying,,,,,,n,,
2025-05-01,RG,bks_96,2025_r2,p2,full-plot,net-floral,bks_96_NS_p2_full-plot_net-floral,flying,,vaco,vaccinium_corymbosum,,,n,,
2025-05-01,RG,bks_96,2025_r2,p2,full-plot,net-floral,bks_96_NS_p2_full-plot_net-floral,foraging,q,,,boim,bombus_impatiens,n,,
2025-05-01,RG,bks_96,2025_r2,d,full-plot,net-floral,bks_96_NS_d _full-plot_net-floral,nest_searching,q,,,boim,bombus_impatiens,n,,
2025-05-01,RG,bks_96,2025_r2,d,full-plot,net-floral,bks_96_NS_d _full-plot_net-floral,nest_searching,q,,,bomi,bombus_mixtus,n,,
2025-05-01,RG,bks_96,2025_r2,d,full-plot,net-floral,bks_96_NS_d _full-plot_net-floral,flying,q,,,boim,bombus_impatiens,n,,
2025-05-01,RG,chong_96,2025_r2,d,full-plot,net-floral,chong_96_NS_d _full-plot_net-floral,nest_searching,q,,,boim,bombus_impatiens,n,,
2025-05-01,RG,chong_96,2025_r2,d,full-plot,net-floral,chong_96_NS_d _full-plot_net-floral,nest_searching,q,,,boim,bombus_impatiens,n,,
2025-05-01,RG,chong_96,2025_r2,p2,full-plot,net-floral,chong_96_NS_p2_full-plot_net-floral,nest_searching,q,,,bovo,bombus_vosnesenskii,n,,
2025-05-01,RG,chong_96,2025_r2,p2,full-plot,net-floral,chong_96_NS_p2_full-plot_net-floral,flying,,,,,,n,,
2025-05-01,RG,chong_96,2025_r2,p2,full-plot,net-floral,chong_96_NS_p2_full-plot_net-floral,flying,w,,,bomi,bombus_mixtus,n,,
2025-05-01,RG,chong_96,2025_r2,p1,full-plot,net-floral,chong_96_NS_p1_full-plot_net-floral,nest_searching,q,,,boim,bombus_impatiens,n,,
2025-05-01,RG,chong_96,2025_r2,p1,full-plot,net-floral,chong_96_NS_p1_full-plot_net-floral,flying,,vaco,vaccinium_corymbosum,,,n,,
2025-05-01,RG,chong_96,2025_r2,p1,full-plot,net-floral,chong_96_NS_p1_full-plot_net-floral,foraging,,,,,,n,,
2025-05-06,RG,gwb_neaves,2025_r2,p2,full-plot,net-floral,gwb_neaves_NS_p2_full-plot_net-floral,nest_searching,q,,,boim,bombus_impatiens,n,,
2025-05-06,RG,gwb_neaves,2025_r2,p1,full-plot,net-floral,gwb_neaves_NS_p1_full-plot_net-floral,flying,,,,,,n,,
2025-05-06,RG,gwb_neaves,2025_r2,d,full-plot,net-floral,gwb_neaves_NS_d _full-plot_net-floral,flying,,,,,,n,,
2025-05-06,RG,gwb_neaves,2025_r2,d,full-plot,net-floral,gwb_neaves_NS_d _full-plot_net-floral,nest_searching,q,,,boim,bombus_impatiens,n,,
2025-05-06,RG,gwb_neaves,2025_r2,d,full-plot,net-floral,gwb_neaves_NS_d _full-plot_net-floral,nest_searching,q,,,boim,bombus_impatiens,n,,
2025-05-06,RG,gwb_neaves,2025_r2,d,full-plot,net-floral,gwb_neaves_NS_d _full-plot_net-floral,nest_searching,q,,,boim,bombus_impatiens,n,,
2025-05-06,RG,gwb_neaves,2025_r2,d,full-plot,net-floral,gwb_neaves_NS_d _full-plot_net-floral,nest_searching,q,,,boim,bombus_impatiens,n,,
2025-05-06,RG,bks_neaves,2025_r2,d,full-plot,net-floral,bks_neaves_NS_d _full-plot_net-floral,flying,,,,,,n,,
2025-05-06,RG,bks_neaves,2025_r2,p1,full-plot,net-floral,bks_neaves_NS_p1_full-plot_net-floral,flying,,,,,,n,,
2025-05-06,RG,bks_neaves,2025_r2,p1,full-plot,net-floral,bks_neaves_NS_p1_full-plot_net-floral,flying,,,,,,n,,
2025-05-13,RG,avtar_168,2025_r2,p1,full-plot,net-floral,avtar_168_NS_p1_full-plot_net-floral,foraging,w,vaco,vaccinium_corymbosum,bomi,bombus_mixtus,n,,
2025-05-13,RG,avtar_168,2025_r2,p2,full-plot,net-floral,avtar_168_NS_p2_full-plot_net-floral,foraging,w,vaco,vaccinium_corymbosum,bomi,bombus_mixtus,n,,
2025-05-13,RG,avtar_168,2025_r2,p2,full-plot,net-floral,avtar_168_NS_p2_full-plot_net-floral,flying,q,,,boim,bombus_impatiens,n,,
2025-05-13,RG,avtar_168,2025_r2,d,full-plot,net-floral,avtar_168_NS_d _full-plot_net-floral,nest_searching,q,,,boim,bombus_impatiens,n,,
2025-04-03,TK,lbf_ladnertrunk,2025_r1,p1,full-plot,net-floral,lbf_ladnertrunk_NS_p1_full-plot_net-floral,flying,q,,,boim,bombus_impatiens,n,,
2025-04-13,TK,sandhu_ladnertrunk,2025_r1,p2,full-plot,net-floral,sandhu_ladnertrunk_NS_p2_full-plot_net-floral,foraging,q,vaco,vaccinium_corymbosum,,,n,,
2025-04-13,TK,sandhu_ladnertrunk,2025_r1,p2,full-plot,net-floral,sandhu_ladnertrunk_NS_p2_full-plot_net-floral,flying,q,,,,,n,,
2025-04-11,RG,bates_57b,2025_r1,p1,full-plot,net-floral,bates_57b_NS_p1_full-plot_net-floral,flying,m,,,boim,bombus_impatiens,n,,
2025-04-11,RG,bates_57b,2025_r1,p1,full-plot,net-floral,bates_57b_NS_p1_full-plot_net-floral,foraging,m,vaco,vaccinium_corymbosum,boim,bombus_impatiens,n,,
2025-04-11,RG,bates_57b,2025_r1,p1,full-plot,net-floral,bates_57b_NS_p1_full-plot_net-floral,foraging,q,vaco,vaccinium_corymbosum,bohu,bombus_huntii,n,,
2025-04-11,RG,bates_57b,2025_r1,p1,full-plot,net-floral,bates_57b_NS_p1_full-plot_net-floral,flying,q,,,,,n,,
2025-04-11,RG,bates_57b,2025_r1,p1,full-plot,net-floral,bates_57b_NS_p1_full-plot_net-floral,foraging,q,vaco,vaccinium_corymbosum,boim,bombus_impatiens,n,,
2025-04-11,RG,bates_57b,2025_r1,p2,full-plot,net-floral,bates_57b_NS_p2_full-plot_net-floral,flying,m,,,boim,bombus_impatiens,n,,
2025-04-11,RG,bates_57b,2025_r1,p2,full-plot,net-floral,bates_57b_NS_p2_full-plot_net-floral,flying,q,,,boim,bombus_impatiens,n,,
2025-04-11,RG,bates_57b,2025_r1,p2,full-plot,net-floral,bates_57b_NS_p2_full-plot_net-floral,foraging,q,,,boim,bombus_impatiens,n,,
2025-04-11,RG,bates_57b,2025_r1,d,full-plot,net-floral,bates_57b_NS_d_full-plot_net-floral,nest_searching,q,,,boim,bombus_impatiens,n,,
2025-04-11,RG,bates_57b,2025_r1,d,full-plot,net-floral,bates_57b_NS_d_full-plot_net-floral,nest_searching,q,,,boim,bombus_impatiens,n,,
2025-04-11,RG,bates_57b,2025_r1,d,full-plot,net-floral,bates_57b_NS_d_full-plot_net-floral,nest_searching,q,,,boim,bombus_impatiens,n,,
2025-04-11,RG,bates_57b,2025_r1,d,full-plot,net-floral,bates_57b_NS_d_full-plot_net-floral,nest_searching,q,,,boim,bombus_impatiens,n,,
2025-04-11,RG,bates_57b,2025_r1,d,full-plot,net-floral,bates_57b_NS_d_full-plot_net-floral,nest_searching,q,,,boim,bombus_impatiens,n,,
2025-04-11,RG,bates_57b,2025_r1,d,full-plot,net-floral,bates_57b_NS_d_full-plot_net-floral,flying,m,,,boim,bombus_impatiens,n,,
2025-04-11,RG,bates_57b,2025_r1,d,full-plot,net-floral,bates_57b_NS_d_full-plot_net-floral,flying,m,,,boim,bombus_impatiens,n,,
2025-04-11,RG,bates_57b,2025_r1,d,full-plot,net-floral,bates_57b_NS_d_full-plot_net-floral,flying,m,,,boim,bombus_impatiens,n,,
2025-04-11,RG,bates_57b,2025_r1,d,full-plot,net-floral,bates_57b_NS_d_full-plot_net-floral,flying,,,,,,n,,
2025-04-11,RG,bates_57b,2025_r1,d,full-plot,net-floral,bates_57b_NS_d_full-plot_net-floral,flying,,,,,,n,,
2025-06-18,AH,bates_57b,2025_r3,p2,full-plot,net-floral,bates_57b__p2_full-plot_net-floral,flying,,,,,,n,,
2025-06-23,AH,lbf_ladnertrunk,2025_r3,p2,full-plot,net-floral,lbf_ladnertrunk__p2_full-plot_net-floral,foraging,m,,,boim,bombus_impatiens,n,,
2025-06-23,AH,lbf_ladnertrunk,2025_r3,d,full-plot,net-floral,lbf_ladnertrunk__ditch_full-plot_net-floral,foraging,,,,,,y,AH: 609',
2025-06-24,AH,gwb_neaves,2025_r3,d,full-plot,net-floral,gwb_neaves__ditch_full-plot_net-floral,foraging,m,ruar,rubus_armeniacus,,,y,AH: 6115,
2025-06-24,AH,gwb_neaves,2025_r3,d,full-plot,net-floral,gwb_neaves__ditch_full-plot_net-floral,flying,m,,,boru,bombus_rufocinctus,y,AD: 1684,
2025-06-24,AH,gwb_neaves,2025_r3,d,full-plot,net-floral,gwb_neaves__ditch_full-plot_net-floral,foraging,m,ruar,rubus_armeniacus,,,y,AH: 6129,
2025-06-24,AH,gwb_neaves,2025_r3,d,full-plot,net-floral,gwb_neaves__ditch_full-plot_net-floral,foraging,m,ruar,rubus_armeniacus,,,y,AD: 1714,
2025-06-24,AH,gwb_neaves,2025_r3,d,full-plot,net-floral,gwb_neaves__ditch_full-plot_net-floral,flying,q,,,,,n,,
2025-06-24,AH,gwb_neaves,2025_r3,d,full-plot,net-floral,gwb_neaves__ditch_full-plot_net-floral,flying,q,,,,,n,,
2025-06-24,AH,gwb_neaves,2025_r3,d,full-plot,net-floral,gwb_neaves__ditch_full-plot_net-floral,flying,q,,,,,n,,
2025-06-25,AH,avtar_168,2025_r3,d,full-plot,net-floral,avtar_168__ditch_full-plot_net-floral,flying,q,,,boim,bombus_impatiens,n,,
2025-06-25,AH,avtar_168,2025_r3,d,full-plot,net-floral,avtar_168__ditch_full-plot_net-floral,foraging,m,,,boru,bombus_rufocinctus,n,,
2025-06-25,AH,avtar_168,2025_r3,d,full-plot,net-floral,avtar_168__ditch_full-plot_net-floral,foraging,w,,,boru,bombus_rufocinctus,n,,
2025-06-27,AH,chong_68,2025_r3,d,full-plot,net-floral,chong_68__ditch_full-plot_net-floral,flying,q,,,boim,bombus_impatiens,n,,
2025-06-27,AH,chong_68,2025_r3,d,full-plot,net-floral,chong_68__ditch_full-plot_net-floral,foraging,w,vicr,vicia_cracca,,,n,,"might be BOIM as well, not listed on sheet "
2025-06-27,AH,bks_68,2025_r3,d,full-plot,net-floral,bks_68__ditch_full-plot_net-floral,flying,q,,,bone,bombus_nevadensis,y,AH: 6173,
2025-06-27,AH,bks_68,2025_r3,d,full-plot,net-floral,bks_68__ditch_full-plot_net-floral,foraging,q,vicr,vicia_cracca,boru,bombus_rufocinctus,n,,
2025-06-27,AH,chong_96,2025_r3,p2,full-plot,net-floral,chong_96__p2_full-plot_net-floral,flying,q,,,,,y,AH: 6187,
2025-06-27,AH,chong_96,2025_r3,p2,full-plot,net-floral,chong_96__p2_full-plot_net-floral,flying,q,,,bone,bombus_nevadensis,n,,
2025-06-27,AH,chong_96,2025_r3,d,full-plot,net-floral,chong_96__ditch_full-plot_net-floral,flying,w,,,boim,bombus_impatiens,n,,
2025-06-27,AH,chong_96,2025_r3,d,full-plot,net-floral,chong_96__ditch_full-plot_net-floral,flying,w,,,boim,bombus_impatiens,n,,
2025-06-27,AH,chong_96,2025_r3,d,full-plot,net-floral,chong_96__ditch_full-plot_net-floral,flying,w,,,boim,bombus_impatiens,n,,
2025-06-27,AH,chong_96,2025_r3,d,full-plot,net-floral,chong_96__ditch_full-plot_net-floral,flying,m,,,boim,bombus_impatiens,n,,
2025-06-27,AH,chong_96,2025_r3,d,full-plot,net-floral,chong_96__ditch_full-plot_net-floral,flying,m,,,boim,bombus_impatiens,n,,
2025-06-27,AH,chong_96,2025_r3,d,full-plot,net-floral,chong_96__ditch_full-plot_net-floral,flying,m,,,boim,bombus_impatiens,n,,
2025-06-27,AH,bks_96,2025_r3,p1,full-plot,net-floral,bks_96__p1_full-plot_net-floral,flying,m,,,boim,bombus_impatiens,n,,
2025-06-27,AH,bks_96,2025_r3,d,full-plot,net-floral,bks_96__ditch_full-plot_net-floral,flying,q,,,,,n,,
