site,plot,date,time,video_id,species_common,species_scientific,num_ind,bait_interaction,hole_interaction,nice,notes
lbf_ladnertrunk,d,19-Aug-25,23:03:57,8190001,rabbit,Oryctolagus_cuniculus,1,y,n,,
lbf_ladnertrunk,d,20-Aug-25,23:54:00,8190002,rabbit,Oryctolagus_cuniculus,1,y,n,,
lbf_ladnertrunk,d,20-Aug-25,23:55:30,8190003,rabbit,Oryctolagus_cuniculus,1,y,n,,
lbf_ladnertrunk,p1,18-Aug-25,20:35:06,8180001,rabbit,Oryctolagus_cuniculus,1,n,n,,rabbit running in background
lbf_ladnertrunk,p1,18-Aug-25,20:36:21,8180002,rabbit,Oryctolagus_cuniculus,1,y,n,,
lbf_ladnertrunk,p1,19-Aug-25,0:14:39,8190003,coyote,Canis_latrans,1,n,n,,
lbf_ladnertrunk,p1,19-Aug-25,0:16:11,8190004,coyote,Canis_latrans,1,n,n,,
lbf_ladnertrunk,p1,19-Aug-25,0:26:35,8190005,coyote,Canis_latrans,1,y,n,,
lbf_ladnertrunk,p1,19-Aug-25,5:53:29,8190006,coyote,Canis_latrans,1,y,n,coyote pees on bait! maybe marking territory?,
lbf_ladnertrunk,p1,20-Aug-25,1:50:37,8200007,rabbit,Oryctolagus_cuniculus,1,y,n,,
lbf_ladnertrunk,p1,20-Aug-25,1:51:50,8200008,rabbit,Oryctolagus_cuniculus,1,n,n,,
lbf_ladnertrunk,p1,20-Aug-25,1:56:42,8200009,rabbit,Oryctolagus_cuniculus,1,n,n,,
lbf_ladnertrunk,p1,20-Aug-25,1:58:01,8200010,rabbit,Oryctolagus_cuniculus,1,y,n,,
lbf_ladnertrunk,p1,20-Aug-25,1:59:16,8200011,rabbit,Oryctolagus_cuniculus,1,y,n,,
lbf_ladnertrunk,p1,20-Aug-25,2:02:21,8200012,rabbit,Oryctolagus_cuniculus,1,y,n,,
lbf_ladnertrunk,p1,20-Aug-25,2:58:49,8200013,rabbit,Oryctolagus_cuniculus,1,y,n,,
lbf_ladnertrunk,p1,20-Aug-25,3:00:08,8200014,rabbit,Oryctolagus_cuniculus,1,y,n,,
lbf_ladnertrunk,p1,20-Aug-25,3:01:23,8200015,rabbit,Oryctolagus_cuniculus,1,y,n,,
lbf_ladnertrunk,p1,20-Aug-25,3:02:38,8200016,rabbit,Oryctolagus_cuniculus,1,y,n,,
lbf_ladnertrunk,p1,20-Aug-25,3:03:54,8200017,rabbit,Oryctolagus_cuniculus,1,y,n,,
lbf_ladnertrunk,p1,20-Aug-25,20:43:31,8200018,rabbit,Oryctolagus_cuniculus,1,y,n,,
lbf_ladnertrunk,p1,20-Aug-25,20:44:47,8200019,rabbit,Oryctolagus_cuniculus,1,y,n,,
lbf_ladnertrunk,p1,20-Aug-25,20:46:03,8200020,rabbit,Oryctolagus_cuniculus,1,y,n,,
lbf_ladnertrunk,p1,20-Aug-25,20:47:18,8200021,rabbit,Oryctolagus_cuniculus,1,y,n,,
lbf_ladnertrunk,p1,20-Aug-25,22:11:17,8200022,rabbit,Oryctolagus_cuniculus,1,n,n,,
lbf_ladnertrunk,p1,21-Aug-25,1:31:56,8210023,rabbit,Oryctolagus_cuniculus,1,y,n,,
lbf_ladnertrunk,p1,21-Aug-25,1:33:20,8210024,rabbit,Oryctolagus_cuniculus,1,y,n,,
lbf_ladnertrunk,p1,21-Aug-25,1:34:52,8210025,rabbit,Oryctolagus_cuniculus,1,y,n,,
lbf_ladnertrunk,p1,21-Aug-25,1:36:05,8210026,rabbit,Oryctolagus_cuniculus,1,y,n,,
lbf_ladnertrunk,p1,21-Aug-25,1:37:20,8210027,rabbit,Oryctolagus_cuniculus,1,y,n,,
lbf_ladnertrunk,p1,21-Aug-25,1:38:43,8210028,rabbit,Oryctolagus_cuniculus,1,y,n,,
lbf_ladnertrunk,p1,21-Aug-25,1:40:02,8210029,rabbit,Oryctolagus_cuniculus,1,y,n,,
lbf_ladnertrunk,p1,21-Aug-25,1:41:16,8210030,rabbit,Oryctolagus_cuniculus,1,n,n,,
lbf_ladnertrunk,p1,21-Aug-25,1:42:48,8210031,rabbit,Oryctolagus_cuniculus,1,n,n,,
lbf_ladnertrunk,p1,21-Aug-25,3:26:14,8210032,rabbit,Oryctolagus_cuniculus,1,y,n,,
lbf_ladnertrunk,p1,21-Aug-25,3:27:32,8210033,rabbit,Oryctolagus_cuniculus,1,y,n,,
lbf_ladnertrunk,p1,21-Aug-25,3:48:29,8210034,rabbit,Oryctolagus_cuniculus,1,y,n,,
lbf_ladnertrunk,p1,21-Aug-25,3:30:06,8210035,rabbit,Oryctolagus_cuniculus,1,y,n,,
lbf_ladnertrunk,p1,21-Aug-25,3:31:33,8210036,rabbit,Oryctolagus_cuniculus,1,y,n,,
lbf_ladnertrunk,p1,21-Aug-25,3:32:56,8210037,rabbit,Oryctolagus_cuniculus,1,y,n,,
lbf_ladnertrunk,p1,21-Aug-25,3:34:14,8210038,rabbit,Oryctolagus_cuniculus,1,y,n,,
lbf_ladnertrunk,p1,21-Aug-25,3:35:37,8210039,rabbit,Oryctolagus_cuniculus,1,y,n,,
lbf_ladnertrunk,p1,21-Aug-25,3:36:56,8210040,rabbit,Oryctolagus_cuniculus,1,n,n,,
bates_57b,p1,18-Aug-25,22:04:57,8180002,rabbit,Oryctolagus_cuniculus,1,n,n,,
bates_57b,p1,18-Aug-25,23:11:47,8180004,north_american_deermouse,Peromyscus_maniculatus,1,n,n,,
bates_57b,p1,18-Aug-25,23:40:02,8180005,north_american_deermouse,Peromyscus_maniculatus,1,y,n,,
bates_57b,p1,19-Aug-25,0:37:39,8190006,north_american_deermouse,Peromyscus_maniculatus,1,y,n,,
bates_57b,p1,19-Aug-25,0:41:40,8190007,north_american_deermouse,Peromyscus_maniculatus,1,y,n,,
bates_57b,p1,19-Aug-25,1:45:51,8190008,north_american_deermouse,Peromyscus_maniculatus,1,n,n,,
bates_57b,p1,19-Aug-25,20:39:37,8190009,north_american_deermouse,Peromyscus_maniculatus,1,n,n,,
bates_57b,p1,19-Aug-25,21:13:18,8190010,north_american_deermouse,Peromyscus_maniculatus,1,y,n,,
bates_57b,p1,19-Aug-25,23:39:36,8190012,north_american_deermouse,Peromyscus_maniculatus,1,y,n,,
bates_57b,p1,19-Aug-25,23:50:09,8190013,north_american_deermouse,Peromyscus_maniculatus,1,y,n,,
bates_57b,p1,20-Aug-25,1:06:03,8200014,north_american_deermouse,Peromyscus_maniculatus,1,n,n,,
bates_57b,p1,20-Aug-25,2:23:14,8200015,north_american_deermouse,Peromyscus_maniculatus,1,n,n,,
bates_57b,p1,20-Aug-25,2:57:53,8200016,rabbit,Oryctolagus_cuniculus,1,n,n,,
bates_57b,p1,20-Aug-25,3:33:58,8200017,north_american_deermouse,Peromyscus_maniculatus,1,y,n,,
bates_57b,p1,20-Aug-25,3:44,8200019,north_american_deermouse,Peromyscus_maniculatus,1,n,n,,
bates_57b,p1,20-Aug-25,4:06:10,8200021,north_american_deermouse,Peromyscus_maniculatus,1,n,n,,
bates_57b,p1,20-Aug-25,4:38:18,8200024,north_american_deermouse,Peromyscus_maniculatus,1,y,n,,
bates_57b,p1,20-Aug-25,5:08:14,8200025,north_american_deermouse,Peromyscus_maniculatus,1,y,n,,
bates_57b,p1,20-Aug-25,21:07:58,8200027,north_american_deermouse,Peromyscus_maniculatus,1,n,n,,
bates_57b,p1,20-Aug-25,21:14:43,8200028,north_american_deermouse,Peromyscus_maniculatus,1,n,n,,
bates_57b,p1,20-Aug-25,21:16:34,8200029,north_american_deermouse,Peromyscus_maniculatus,1,y,n,,
bates_57b,p1,20-Aug-25,27:26:21,8200031,north_american_deermouse,Peromyscus_maniculatus,1,y,n,,
bates_57b,p1,20-Aug-25,21:30:49,8200032,north_american_deermouse,Peromyscus_maniculatus,1,n,n,,
bates_57b,p1,20-Aug-25,22:24:06,8200034,north_american_deermouse,Peromyscus_maniculatus,1,n,n,,
bates_57b,p1,20-Aug-25,22:27:33,8200035,north_american_deermouse,Peromyscus_maniculatus,1,n,y,,
bates_57b,p1,20-Aug-25,22:38:13,8200036,north_american_deermouse,Peromyscus_maniculatus,1,n,n,,
bates_57b,p1,20-Aug-25,22:45:23,8200037,north_american_deermouse,Peromyscus_maniculatus,1,n,n,,
bates_57b,p1,20-Aug-25,23:07:37,8200038,north_american_deermouse,Peromyscus_maniculatus,1,y,n,,
bates_57b,p1,20-Aug-25,23:54:40,8200040,north_american_deermouse,Peromyscus_maniculatus,1,y,n,,
bates_57b,p1,21-Aug-25,0:21:21,8210042,north_american_deermouse,Peromyscus_maniculatus,1,n,n,,
bates_57b,p1,21-Aug-25,1:09:07,8210044,north_american_deermouse,Peromyscus_maniculatus,1,y,n,,
bates_57b,p1,21-Aug-25,1:19:10,8210046,north_american_deermouse,Peromyscus_maniculatus,1,n,n,,
bates_57b,p1,21-Aug-25,1:45:17,8210047,north_american_deermouse,Peromyscus_maniculatus,1,y,n,,
bates_57b,p1,21-Aug-25,1:57:06,8210048,north_american_deermouse,Peromyscus_maniculatus,1,y,n,,
bates_57b,p1,21-Aug-25,2:16,8210050,north_american_deermouse,Peromyscus_maniculatus,1,n,n,,
bates_57b,p1,21-Aug-25,2:21:49,8210051,north_american_deermouse,Peromyscus_maniculatus,1,n,n,,
bates_57b,p1,21-Aug-25,3:02:47,8210053,north_american_deermouse,Peromyscus_maniculatus,1,y,n,,
bates_57b,p1,21-Aug-25,3:05:20,8210054,north_american_deermouse,Peromyscus_maniculatus,1,n,n,,
bates_57b,p1,21-Aug-25,3:25:36,8210055,north_american_deermouse,Peromyscus_maniculatus,1,n,n,,
bates_57b,p1,21-Aug-25,3:39:05,8210057,north_american_deermouse,Peromyscus_maniculatus,1,n,n,,
bates_57b,p1,21-Aug-25,3:43:23,8210058,north_american_deermouse,Peromyscus_maniculatus,1,n,n,,
bates_57b,p1,21-Aug-25,3:45:51,8210059,north_american_deermouse,Peromyscus_maniculatus,1,n,n,,
bates_57b,p1,21-Aug-25,3:51:35,8210060,north_american_deermouse,Peromyscus_maniculatus,1,y,n,,
bates_57b,p1,21-Aug-25,4:00:14,8210061,north_american_deermouse,Peromyscus_maniculatus,1,y,n,,
bates_57b,p1,21-Aug-25,4:03:23,8210062,north_american_deermouse,Peromyscus_maniculatus,1,n,n,,
bates_57b,p1,21-Aug-25,4:22:23,8210064,north_american_deermouse,Peromyscus_maniculatus,1,n,n,,
bates_57b,p1,21-Aug-25,4:28:30,8210066,north_american_deermouse,Peromyscus_maniculatus,1,y,n,,
bates_57b,p1,21-Aug-25,4:37:03,8210067,north_american_deermouse,Peromyscus_maniculatus,1,n,n,,
bates_57b,p1,21-Aug-25,4:41:08,8210068,north_american_deermouse,Peromyscus_maniculatus,1,n,n,,
bates_57b,p1,21-Aug-25,4:50:38,8210069,north_american_deermouse,Peromyscus_maniculatus,1,y,n,,
bates_57b,p1,21-Aug-25,4:59:16,8210070,north_american_deermouse,Peromyscus_maniculatus,1,n,n,,
bates_57b,p2,21-Aug-25,20:31:59,8210003,north_american_deermouse,Peromyscus_maniculatus,1,n,n,,
bates_57b,p2,21-Aug-25,21:37:46,8210004,north_american_deermouse,Peromyscus_maniculatus,1,y,n,,
bates_57b,p2,21-Aug-25,21:58:05,8210005,north_american_deermouse,Peromyscus_maniculatus,1,n,n,,
bates_57b,p2,21-Aug-25,22:03:44,8210006,north_american_deermouse,Peromyscus_maniculatus,2,y,n,,
bates_57b,p2,21-Aug-25,22:06:15,8210007,north_american_deermouse,Peromyscus_maniculatus,1,n,n,,
bates_57b,p2,21-Aug-25,22:08:37,8210008,north_american_deermouse,Peromyscus_maniculatus,1,n,n,,
bates_57b,p2,21-Aug-25,23:29:46,8210011,north_american_deermouse,Peromyscus_maniculatus,1,n,n,,
bates_57b,p2,21-Aug-25,23:48:01,8210012,north_american_deermouse,Peromyscus_maniculatus,1,n,n,,
bates_57b,p2,21-Aug-25,23:49:55,8210013,north_american_deermouse,Peromyscus_maniculatus,2,y,n,,
bates_57b,p2,21-Aug-25,23:57:11,8210015,north_american_deermouse,Peromyscus_maniculatus,1,n,n,,
bates_57b,p2,22-Aug-25,0:12:39,8220017,north_american_deermouse,Peromyscus_maniculatus,1,n,n,,
bates_57b,p2,22-Aug-25,0:29:40,8220018,north_american_deermouse,Peromyscus_maniculatus,1,n,n,,
bates_57b,p2,22-Aug-25,0:37:00,8220019,north_american_deermouse,Peromyscus_maniculatus,1,n,n,,
bates_57b,p2,22-Aug-25,0:39:27,8220020,north_american_deermouse,Peromyscus_maniculatus,1,y,n,,
bates_57b,p2,22-Aug-25,1:06:52,8220023,north_american_deermouse,Peromyscus_maniculatus,1,y,n,,
bates_57b,p2,22-Aug-25,1:08:34,8220024,north_american_deermouse,Peromyscus_maniculatus,1,y,n,,
bates_57b,p2,22-Aug-25,1:10:24,8220025,north_american_deermouse,Peromyscus_maniculatus,1,y,n,,
bates_57b,p2,22-Aug-25,1:13:07,8220027,north_american_deermouse,Peromyscus_maniculatus,1,y,n,,
bates_57b,p2,22-Aug-25,1:17:00,8220028,north_american_deermouse,Peromyscus_maniculatus,2,n,n,,
bates_57b,p2,22-Aug-25,1:58:16,8220031,north_american_deermouse,Peromyscus_maniculatus,1,y,n,,
bates_57b,p2,22-Aug-25,2:27:32,8220033,north_american_deermouse,Peromyscus_maniculatus,1,y,n,,
bates_57b,p2,22-Aug-25,2:26:54,8220034,north_american_deermouse,Peromyscus_maniculatus,1,n,n,,
bates_57b,p2,22-Aug-25,2:47:59,8220035,north_american_deermouse,Peromyscus_maniculatus,1,y,n,,
bates_57b,p2,22-Aug-25,2:55:59,8220036,north_american_deermouse,Peromyscus_maniculatus,1,y,n,,
bates_57b,p2,22-Aug-25,3:47:28,8220037,north_american_deermouse,Peromyscus_maniculatus,1,n,n,,
bates_57b,p2,22-Aug-25,3:51:22,8220038,north_american_deermouse,Peromyscus_maniculatus,1,y,n,,
bates_57b,p2,22-Aug-25,3:52:57,8220039,north_american_deermouse,Peromyscus_maniculatus,1,y,n,,
bates_57b,p2,22-Aug-25,3:54:32,8220040,north_american_deermouse,Peromyscus_maniculatus,1,y,n,,
bates_57b,p2,22-Aug-25,3:59:08,8220041,north_american_deermouse,Peromyscus_maniculatus,1,y,n,,
bates_57b,p2,22-Aug-25,4:09:33,8220043,north_american_deermouse,Peromyscus_maniculatus,1,n,n,,
bates_57b,p2,22-Aug-25,4:13:33,8220044,north_american_deermouse,Peromyscus_maniculatus,1,y,n,Something messing with the camera,
bates_57b,p2,22-Aug-25,5:40:41,8220048,north_american_deermouse,Peromyscus_maniculatus,1,n,n,,
bates_57b,p2,22-Aug-25,6:05:19,8220049,townsends_vole,Microtus_townsendii,1,n,n,,
bates_57b,p2,22-Aug-25,21:40:35,8220050,north_american_deermouse,Peromyscus_maniculatus,1,n,n,,
bates_57b,p2,22-Aug-25,21:45:37,8220051,north_american_deermouse,Peromyscus_maniculatus,1,y,n,,
bates_57b,p2,22-Aug-25,22:04:13,8220052,north_american_deermouse,Peromyscus_maniculatus,1,y,n,,
bates_57b,p2,22-Aug-25,22:15:33,8220053,north_american_deermouse,Peromyscus_maniculatus,1,y,n,,
bates_57b,p2,22-Aug-25,22:46:22,8220056,north_american_deermouse,Peromyscus_maniculatus,1,y,n,,
bates_57b,p2,22-Aug-25,23:33:44,8220058,north_american_deermouse,Peromyscus_maniculatus,1,n,n,,
bates_57b,p2,22-Aug-25,0:46:08,8230059,north_american_deermouse,Peromyscus_maniculatus,1,n,n,,
bates_57b,p2,23-Aug-25,0:47:32,8230060,north_american_deermouse,Peromyscus_maniculatus,1,y,n,,
bates_57b,p2,23-Aug-25,1:17:52,8230061,north_american_deermouse,Peromyscus_maniculatus,1,n,n,,
bates_57b,p2,23-Aug-25,1:42:52,8230062,north_american_deermouse,Peromyscus_maniculatus,1,n,n,,
bates_57b,p2,23-Aug-25,1:52:24,8230063,north_american_deermouse,Peromyscus_maniculatus,1,n,n,,
bates_57b,p2,23-Aug-25,1:57:42,8230064,north_american_deermouse,Peromyscus_maniculatus,1,n,n,,
bates_57b,p2,23-Aug-25,1:58:57,8230065,north_american_deermouse,Peromyscus_maniculatus,1,n,n,,
bates_57b,p2,23-Aug-25,2:36:31,8230067,north_american_deermouse,Peromyscus_maniculatus,1,y,n,,
bates_57b,p2,23-Aug-25,2:43:41,8230068,north_american_deermouse,Peromyscus_maniculatus,1,n,n,,
bates_57b,p2,23-Aug-25,3:47:53,8230069,north_american_deermouse,Peromyscus_maniculatus,1,n,n,,
bates_57b,p2,23-Aug-25,3:49:18,8230070,north_american_deermouse,Peromyscus_maniculatus,1,n,n,,
bates_57b,p2,23-Aug-25,4:02:00,8230071,north_american_deermouse,Peromyscus_maniculatus,1,n,n,,
bates_57b,p2,23-Aug-25,4:03:15,8230072,north_american_deermouse,Peromyscus_maniculatus,1,n,n,,
bates_57b,p2,23-Aug-25,4:08:09,8230074,north_american_deermouse,Peromyscus_maniculatus,1,y,n,,
bates_57b,p2,23-Aug-25,4:09:24,8230075,north_american_deermouse,Peromyscus_maniculatus,1,n,n,,
bates_57b,p2,23-Aug-25,4:37:56,8230078,north_american_deermouse,Peromyscus_maniculatus,1,n,n,,
bates_57b,p2,23-Aug-25,4:39:33,8230079,north_american_deermouse,Peromyscus_maniculatus,1,y,n,,
bates_57b,p2,23-Aug-25,4:48:17,8230081,north_american_deermouse,Peromyscus_maniculatus,2,y,n,,
bates_57b,p2,23-Aug-25,4:54:41,8230082,north_american_deermouse,Peromyscus_maniculatus,1,n,n,,
bates_57b,p2,23-Aug-25,5:04:07,8230084,north_american_deermouse,Peromyscus_maniculatus,1,n,n,,
bates_57b,p2,23-Aug-25,5:10:43,8230086,north_american_deermouse,Peromyscus_maniculatus,1,y,n,,
bates_57b,p2,23-Aug-25,5:16:36,8230088,north_american_deermouse,Peromyscus_maniculatus,1,y,n,,
bates_57b,p2,23-Aug-25,5:18:29,8230089,north_american_deermouse,Peromyscus_maniculatus,1,y,n,,
bates_57b,p2,23-Aug-25,5:48:13,8230091,north_american_deermouse,Peromyscus_maniculatus,1,n,n,,
bates_57b,p2,23-Aug-25,21:01:22,8230092,north_american_deermouse,Peromyscus_maniculatus,1,n,n,,
bates_57b,p2,23-Aug-25,21:10:26,8230094,north_american_deermouse,Peromyscus_maniculatus,1,n,n,,
bates_57b,p2,23-Aug-25,21:54:29,8230096,north_american_deermouse,Peromyscus_maniculatus,1,n,n,,
bates_57b,p2,23-Aug-25,23:05:07,8230098,north_american_deermouse,Peromyscus_maniculatus,1,y,n,,
bates_57b,p2,23-Aug-25,23:10:14,8230099,north_american_deermouse,Peromyscus_maniculatus,1,y,n,,
bates_57b,p2,23-Aug-25,23:13:46,8230100,north_american_deermouse,Peromyscus_maniculatus,1,y,n,,
bates_57b,p2,23-Aug-25,23:44:31,8230102,north_american_deermouse,Peromyscus_maniculatus,1,n,n,,
bates_57b,p2,24-Aug-25,0:48:47,8240103,north_american_deermouse,Peromyscus_maniculatus,1,y,n,,
bates_57b,p2,24-Aug-25,0:50:22,8240104,north_american_deermouse,Peromyscus_maniculatus,1,y,n,,
bates_57b,p2,24-Aug-25,0:55:20,8240105,north_american_deermouse,Peromyscus_maniculatus,1,y,n,,
bates_57b,p2,24-Aug-25,0:58:03,8240106,north_american_deermouse,Peromyscus_maniculatus,1,y,n,,
bates_57b,p2,24-Aug-25,1:03:10,8240108,north_american_deermouse,Peromyscus_maniculatus,2,y,n,,
bates_57b,p2,24-Aug-25,1:08:40,8240110,north_american_deermouse,Peromyscus_maniculatus,1,y,n,,
bates_57b,p2,24-Aug-25,1:25:30,8240113,north_american_deermouse,Peromyscus_maniculatus,1,y,n,,
bates_57b,p2,24-Aug-25,1:29:53,8240114,north_american_deermouse,Peromyscus_maniculatus,1,n,n,,
bates_57b,p2,24-Aug-25,1:30:58,8240115,north_american_deermouse,Peromyscus_maniculatus,1,n,n,,
bates_57b,p2,24-Aug-25,1:35:02,8240117,north_american_deermouse,Peromyscus_maniculatus,1,n,n,,
bates_57b,p2,24-Aug-25,1:37:50,8240118,north_american_deermouse,Peromyscus_maniculatus,1,n,n,,
bates_57b,p2,24-Aug-25,1:38:56,8240119,north_american_deermouse,Peromyscus_maniculatus,1,n,n,,
bates_57b,p2,24-Aug-25,1:49:10,8240120,north_american_deermouse,Peromyscus_maniculatus,1,n,n,,
bates_57b,p2,24-Aug-25,2:30:46,8240121,north_american_deermouse,Peromyscus_maniculatus,1,n,n,,
bates_57b,p2,24-Aug-25,2:34:50,8240123,north_american_deermouse,Peromyscus_maniculatus,1,n,n,,
bates_57b,p2,24-Aug-25,2:38:11,8240125,north_american_deermouse,Peromyscus_maniculatus,1,y,n,,
bates_57b,p2,24-Aug-25,2:55:00,8240130,north_american_deermouse,Peromyscus_maniculatus,1,y,n,,
bates_57b,p2,24-Aug-25,3:04:01,8240132,north_american_deermouse,Peromyscus_maniculatus,1,y,n,,
bates_57b,p2,24-Aug-25,3:05:27,8240133,north_american_deermouse,Peromyscus_maniculatus,1,y,n,,
bates_57b,p2,24-Aug-25,3:09:33,8240134,north_american_deermouse,Peromyscus_maniculatus,1,y,n,,
bates_57b,p2,24-Aug-25,3:14:49,8240136,north_american_deermouse,Peromyscus_maniculatus,1,y,n,,
bates_57b,p2,24-Aug-25,3:33:17,8240139,north_american_deermouse,Peromyscus_maniculatus,1,y,n,,
bates_57b,p2,24-Aug-25,3:35:37,8240140,north_american_deermouse,Peromyscus_maniculatus,1,y,n,,
bates_57b,p2,24-Aug-25,3:49:08,8240144,north_american_deermouse,Peromyscus_maniculatus,1,y,n,,
bates_57b,p2,24-Aug-25,3:50:48,8240145,north_american_deermouse,Peromyscus_maniculatus,1,n,n,,
bates_57b,p2,24-Aug-25,3:58:47,8240147,north_american_deermouse,Peromyscus_maniculatus,1,y,n,,
bates_57b,p2,24-Aug-25,4:21:14,8240150,north_american_deermouse,Peromyscus_maniculatus,1,n,n,,
bates_57b,p2,24-Aug-25,4:22:44,8240151,north_american_deermouse,Peromyscus_maniculatus,1,n,n,,
bates_57b,p2,24-Aug-25,4:25:16,8240152,north_american_deermouse,Peromyscus_maniculatus,1,n,n,,
bates_57b,p2,24-Aug-25,4:29:10,8240153,north_american_deermouse,Peromyscus_maniculatus,1,y,n,,
bates_57b,p2,24-Aug-25,4:42:32,8240154,north_american_deermouse,Peromyscus_maniculatus,1,n,n,,
bates_57b,p2,24-Aug-25,4:44:25,8240155,north_american_deermouse,Peromyscus_maniculatus,1,y,n,,
bates_57b,p2,24-Aug-25,5:04:29,8240156,north_american_deermouse,Peromyscus_maniculatus,1,n,n,,
bates_57b,p2,24-Aug-25,5:06:41,8240157,north_american_deermouse,Peromyscus_maniculatus,1,n,n,,
bks_56,d,21-Aug-25,3:44:32,8210001,coyote,Canis_latrans,1,n,n,,
bks_56,p1,18-Aug-25,20:36:29,8180001,bird,Aves,2,n,n,,
bks_56,p1,19-Aug-25,23:41:05,8190003,north_american_deermouse,Peromyscus_maniculatus,1,n,n,,
bks_56,p1,20-Aug-25,2:50:20,8200004,north_american_deermouse,Peromyscus_maniculatus,1,n,n,,
bks_56,p1,20-Aug-25,23:44:16,8200005,north_american_deermouse,Peromyscus_maniculatus,1,n,n,,
bks_56,p2,19-Aug-25,23:32:13,8190002,north_american_deermouse,Peromyscus_maniculatus,1,n,n,Close up deer mouse,
bks_56,p2,20-Aug-25,3:18:49,8200003,north_american_deermouse,Peromyscus_maniculatus,1,n,n,,
bks_56,p2,20-Aug-25,23:20:48,8200004,north_american_deermouse,Peromyscus_maniculatus,1,y,n,Deer mouse eating bait,
bks_56,p2,21-Aug-25,1:35:38,8210005,north_american_deermouse,Peromyscus_maniculatus,1,n,n,,
chong_96,d,18-Aug-25,22:45:40,8180001,deer,Cervidae_sp,1,n,n,,
chong_96,d,18-Aug-25,22:47:04,8180002,deer,Cervidae_sp,1,n,n,,
chong_96,p1,18-Aug-25,20:36:12,8180001,north_american_deermouse,Peromyscus_maniculatus,1,n,n,,
chong_96,p1,18-Aug-25,22:33:04,8180002,north_american_deermouse,Peromyscus_maniculatus,1,y,n,,
chong_96,p1,18-Aug-25,23:18:03,8180003,north_american_deermouse,Peromyscus_maniculatus,1,n,n,,
chong_96,p1,19-Aug-25,0:42:15,8190004,north_american_deermouse,Peromyscus_maniculatus,1,n,n,,
chong_96,p1,19-Aug-25,2:24:40,8190006,north_american_deermouse,Peromyscus_maniculatus,1,y,n,,
chong_96,p1,19-Aug-25,2:47:42,8190007,north_american_deermouse,Peromyscus_maniculatus,1,y,n,,
chong_96,p1,19-Aug-25,2:57:24,8190008,north_american_deermouse,Peromyscus_maniculatus,1,y,n,,
chong_96,p1,19-Aug-25,3:12:39,8190010,north_american_deermouse,Peromyscus_maniculatus,1,y,n,,
chong_96,p1,19-Aug-25,3:16:36,8190011,north_american_deermouse,Peromyscus_maniculatus,1,y,n,,
chong_96,p1,19-Aug-25,4:13:40,8190012,north_american_deermouse,Peromyscus_maniculatus,1,y,n,,
chong_96,p1,19-Aug-25,4:16:02,8190013,north_american_deermouse,Peromyscus_maniculatus,1,n,n,,
chong_96,p1,19-Aug-25,4:38:07,8190014,north_american_deermouse,Peromyscus_maniculatus,1,y,n,,
chong_96,p1,19-Aug-25,5:09:46,8190015,rabbit,Oryctolagus_cuniculus,1,n,n,,
chong_96,p1,19-Aug-25,21:37:54,8190016,north_american_deermouse,Peromyscus_maniculatus,1,y,n,,
chong_96,p1,19-Aug-25,21:41:32,8190017,north_american_deermouse,Peromyscus_maniculatus,1,y,n,,
chong_96,p1,19-Aug-25,21:54:43,8190018,north_american_deermouse,Peromyscus_maniculatus,1,y,n,,
chong_96,p1,19-Aug-25,22:34:53,8190019,north_american_deermouse,Peromyscus_maniculatus,1,n,n,,
chong_96,p1,19-Aug-25,23:44:38,8190020,north_american_deermouse,Peromyscus_maniculatus,1,y,n,,
chong_96,p1,20-Aug-25,4:44:27,8200021,rabbit,Oryctolagus_cuniculus,1,y,n,Rabbit eating bait,
chong_96,p1,20-Aug-25,21:24:32,8200023,north_american_deermouse,Peromyscus_maniculatus,2,y,n,,
chong_96,p1,21-Aug-25,0:25:37,8210024,north_american_deermouse,Peromyscus_maniculatus,1,y,n,,
chong_96,p1,21-Aug-25,0:27:35,8210025,north_american_deermouse,Peromyscus_maniculatus,1,y,n,,
chong_96,p1,21-Aug-25,0:28:49,8210026,north_american_deermouse,Peromyscus_maniculatus,1,y,n,,
chong_96,p1,21-Aug-25,2:43:56,8210027,north_american_deermouse,Peromyscus_maniculatus,1,y,n,,
chong_96,p1,21-Aug-25,4:08:25,8210028,north_american_deermouse,Peromyscus_maniculatus,1,y,n,,
chong_96,p1,21-Aug-25,4:09:30,8210029,north_american_deermouse,Peromyscus_maniculatus,1,y,n,,
chong_96,p2,18-Aug-25,23:03:14,8180002,rabbit,Oryctolagus_cuniculus,1,n,n,,
chong_96,p2,18-Aug-25,23:45:42,8180003,north_american_deermouse,Peromyscus_maniculatus,1,n,n,,
chong_96,p2,19-Aug-25,0:27:04,8190004,rabbit,Oryctolagus_cuniculus,1,n,n,,
chong_96,p2,19-Aug-25,0:28:26,8190005,rabbit,Oryctolagus_cuniculus,1,n,n,,
chong_96,p2,19-Aug-25,1:38:04,8190006,rabbit,Oryctolagus_cuniculus,1,n,n,,
chong_96,p2,19-Aug-25,2:22:38,8190007,north_american_deermouse,Peromyscus_maniculatus,1,n,n,,
chong_96,p2,19-Aug-25,2:25:27,8190008,north_american_deermouse,Peromyscus_maniculatus,1,y,n,,
chong_96,p2,19-Aug-25,2:27:05,8190009,north_american_deermouse,Peromyscus_maniculatus,1,n,n,,
chong_96,p2,19-Aug-25,3:51:53,8190011,north_american_deermouse,Peromyscus_maniculatus,1,n,n,,
chong_96,p2,19-Aug-25,4:02:58,8190014,north_american_deermouse,Peromyscus_maniculatus,1,n,n,,
chong_96,p2,19-Aug-25,4:04:18,8190015,north_american_deermouse,Peromyscus_maniculatus,1,n,n,,
chong_96,p2,19-Aug-25,4:59:29,8190016,rabbit,Oryctolagus_cuniculus,1,n,n,,
chong_96,p2,19-Aug-25,20:23:50,8190017,bird,Aves,1,n,n,,
chong_96,p2,19-Aug-25,21:55:32,8190018,north_american_deermouse,Peromyscus_maniculatus,1,n,n,,
chong_96,p2,19-Aug-25,22:02:39,8190019,north_american_deermouse,Peromyscus_maniculatus,1,y,n,,
chong_96,p2,19-Aug-25,22:08:25,8190020,north_american_deermouse,Peromyscus_maniculatus,1,y,n,,
chong_96,p2,19-Aug-25,22:10:19,8190021,north_american_deermouse,Peromyscus_maniculatus,1,n,n,,
chong_96,p2,20-Aug-25,1:11:05,8200022,north_american_deermouse,Peromyscus_maniculatus,1,y,n,,
chong_96,p2,20-Aug-25,1:12:29,8200023,north_american_deermouse,Peromyscus_maniculatus,1,n,n,,
chong_96,p2,20-Aug-25,1:13:51,8200024,north_american_deermouse,Peromyscus_maniculatus,1,n,n,,
chong_96,p2,20-Aug-25,4:19:03,8200025,north_american_deermouse,Peromyscus_maniculatus,1,y,n,,
chong_96,p2,20-Aug-25,21:21:08,8200026,rabbit,Oryctolagus_cuniculus,1,n,n,,
chong_96,p2,20-Aug-25,21:27:04,8200027,rabbit,Oryctolagus_cuniculus,1,n,n,,
chong_96,p2,20-Aug-25,22:20:46,8200028,rabbit,Oryctolagus_cuniculus,1,y,n,,
chong_96,p2,20-Aug-25,23:23:24,8200029,north_american_deermouse,Peromyscus_maniculatus,1,n,n,,
chong_96,p2,20-Aug-25,23:45:01,8200030,north_american_deermouse,Peromyscus_maniculatus,1,y,n,,
chong_96,p2,21-Aug-25,3:25:30,8210033,rabbit,Oryctolagus_cuniculus,1,y,n,,
bks_96,d,19-Aug-25,3:19:06,8190002,deer,Cervidae_sp,1,n,n,,
bks_96,d,19-Aug-25,21:32:46,8190003,coyote,Canis_latrans,1,n,n,,
bks_96,d,20-Aug-25,1:53:47,8200004,bird,Aves,1,n,n,,
bks_96,d,20-Aug-25,2:48:14,8200006,bird,Aves,1,n,n,,
bks_96,p1,19-Aug-25,1:26:21,8190001,north_american_deermouse,Peromyscus_maniculatus,1,y,n,,
bks_96,p1,19-Aug-25,2:23:08,8190002,north_american_deermouse,Peromyscus_maniculatus,1,y,n,,
bks_96,p2,18-Aug-25,21:30:26,8180001,north_american_deermouse,Peromyscus_maniculatus,1,y,n,,
bks_96,p2,18-Aug-25,22:23:16,8180002,north_american_deermouse,Peromyscus_maniculatus,1,y,n,,
bks_96,p2,19-Aug-25,0:48:14,8190003,north_american_deermouse,Peromyscus_maniculatus,1,n,n,,
bks_96,p2,19-Aug-25,2:16:02,8190005,north_american_deermouse,Peromyscus_maniculatus,1,n,n,,
bks_96,p2,19-Aug-25,2:54:50,8190006,north_american_deermouse,Peromyscus_maniculatus,1,y,n,,
bks_96,p2,19-Aug-25,23:55:57,8190008,north_american_deermouse,Peromyscus_maniculatus,1,y,n,,
bks_96,p2,20-Aug-25,3:15:34,8200009,north_american_deermouse,Peromyscus_maniculatus,1,y,n,,
bks_96,p2,21-Aug-25,2:13:24,8210010,deer,Cervidae_sp,1,y,n,,
bks_68,p1,29-Aug-25,2:31:18,8290001,,,1,n,n,,"eyes moving, rabbit?"
bks_68,p2,27-Aug-25,0:47:03,8270001,bird,Aves,1,n,n,,
bks_68,p2,27-Aug-25,5:10:06,8270002,bird,Aves,1,n,n,,
bks_68,p2,28-Aug-25,5:19:57,8280003,north_american_deermouse,Peromyscus_maniculatus,1,y,n,,
bks_68,p2,28-Aug-25,21:27:52,8280004,north_american_deermouse,Peromyscus_maniculatus,1,n,n,,
bks_68,d,26-Aug-25,21:41:23,8260001,north_american_deermouse,Peromyscus_maniculatus,1,n,n,,
bks_68,d,27-Aug-25,4:53:58,8270002,bird,Aves,1,n,n,,
bks_68,d,28-Aug-25,2:50:05,8280003,,,2,n,n,,"Unknown movement around bait, maybe shrew? "
lbf_ladnertrunk,p2,18-Aug-25,23:20:22,8180001,north_american_deermouse,Peromyscus_maniculatus,1,y,n,,
lbf_ladnertrunk,p2,20-Aug-25,21:26:55,8200003,north_american_deermouse,Peromyscus_maniculatus,1,y,n,,
lbf_ladnertrunk,p2,21-Aug-25,2:33:34,8210004,north_american_deermouse,Peromyscus_maniculatus,1,y,n,,
lbf_ladnertrunk,p2,21-Aug-25,4:34:12,8210005,north_american_deermouse,Peromyscus_maniculatus,1,n,n,,
lbf_ladnertrunk,p2,21-Aug-25,4:37:11,8210006,north_american_deermouse,Peromyscus_maniculatus,1,n,n,,
lbf_ladnertrunk,p2,21-Aug-25,4:38:28,8210007,north_american_deermouse,Peromyscus_maniculatus,1,n,n,,
sandhu_ladnertrunk,p1,18-Aug-25,22:18:33,8180003,,,1,n,n,,"Eyes moving in background, likely rabbit"
sandhu_ladnertrunk,p1,19-Aug-25,3:41:25,8190004,rabbit,Oryctolagus_cuniculus,1,n,n,,Eyes moving in background
sandhu_ladnertrunk,p2,18-Aug-25,23:25:25,8180001,rabbit,Oryctolagus_cuniculus,1,n,n,,eyes moving
sandhu_ladnertrunk,p2,18-Aug-25,23:36:00,8180002,,,1,n,n,,likely rabbit 
sandhu_ladnertrunk,p2,19-Aug-25,22:37:01,8190003,rabbit,Oryctolagus_cuniculus,1,n,n,,
sandhu_ladnertrunk,p2,20-Aug-25,1:37:37,8200004,rabbit,Oryctolagus_cuniculus,1,n,n,,
sandhu_ladnertrunk,p2,20-Aug-25,1:38:59,8200005,rabbit,Oryctolagus_cuniculus,1,y,n,,
sandhu_ladnertrunk,p2,20-Aug-25,1:40:37,8200006,rabbit,Oryctolagus_cuniculus,1,n,n,,
sandhu_ladnertrunk,p2,20-Aug-25,1:42:10,8200007,rabbit,Oryctolagus_cuniculus,1,n,n,,
sandhu_ladnertrunk,p2,21-Aug-25,2:41:25,8210008,rabbit,Oryctolagus_cuniculus,1,n,n,,
sandhu_ladnertrunk,p2,21-Aug-25,2:42:25,8210009,rabbit,Oryctolagus_cuniculus,1,y,n,,
sandhu_ladnertrunk,p2,21-Aug-25,2:44:09,8210010,rabbit,Oryctolagus_cuniculus,1,n,n,,
sandhu_ladnertrunk,p2,21-Aug-25,2:58:53,8210011,rabbit,Oryctolagus_cuniculus,1,y,n,,
sandhu_ladnertrunk,p2,21-Aug-25,3:00:11,8210012,rabbit,Oryctolagus_cuniculus,1,y,n,Clear video of rabbit eating bait ,
sandhu_ladnertrunk,p2,21-Aug-25,3:01:28,8210013,rabbit,Oryctolagus_cuniculus,1,n,n,,
sandhu_ladnertrunk,p2,21-Aug-25,3:30:18,8210015,rabbit,Oryctolagus_cuniculus,1,n,n,,
sandhu_ladnertrunk,p2,21-Aug-25,3:31:37,8210016,rabbit,Oryctolagus_cuniculus,1,y,n,,
sandhu_ladnertrunk,p2,21-Aug-25,3:32:54,8210017,rabbit,Oryctolagus_cuniculus,1,y,n,,
sandhu_ladnertrunk,d,18-Aug-25,21:13:55,8180001,bird,Aves,1,n,n,,
sandhu_ladnertrunk,d,18-Aug-25,22:19:48,8180002,bird,Aves,1,n,n,,
sandhu_ladnertrunk,d,18-Aug-25,23:40:44,8180003,bird,Aves,1,n,n,,
sandhu_ladnertrunk,d,19-Aug-25,0:45:56,8190004,bird,Aves,1,n,n,,
sandhu_ladnertrunk,d,19-Aug-25,1:53:51,8190005,bird,Aves,1,n,n,,
sandhu_ladnertrunk,d,19-Aug-25,2:31:12,8190006,bird,Aves,1,n,n,,
sandhu_ladnertrunk,d,19-Aug-25,5:21:54,8190007,coyote,Canis_latrans,1,y,n,,
sandhu_ladnertrunk,d,19-Aug-25,22:14:13,8190011,bird,Aves,1,n,n,,
sandhu_ladnertrunk,d,19-Aug-25,23:38:11,8190012,bird,Aves,1,n,n,,
sandhu_ladnertrunk,d,20-Aug-25,0:15:02,8200013,bird,Aves,1,n,n,,
sandhu_ladnertrunk,d,20-Aug-25,4:50:21,8200014,bird,Aves,1,n,n,,
sandhu_ladnertrunk,d,20-Aug-25,23:28:49,8200015,bird,Aves,1,n,n,,
bks_neaves,p1,21-Aug-25,23:21:01,8210001,north_american_deermouse,Peromyscus_maniculatus,1,y,n,,
bks_neaves,d,19-Aug-25,21:24:24,8190001,bird,Aves,1,n,n,,
avtar_168,p1,20-Aug-25,1:04:50,8200001,,,1,n,n,,Eyes moving in background (likely rabbit)
avtar_168,p1,20-Aug-25,1:26:35,8200002,,,1,n,n,,Eyes moving in background (likely coyote)
avtar_168,p1,20-Aug-25,23:06:31,8200003,,,1,n,n,,Eyes moving in background (likely coyote)
avtar_168,p2,20-Aug-25,2:03:27,8200001,,,1,n,n,,Eyes moving in background (likely rabbit)
avtar_168,p2,20-Aug-25,4:23:47,8200002,rabbit,Oryctolagus_cuniculus,1,n,n,,
avtar_168,p2,20-Aug-25,4:25:10,8200003,rabbit,Oryctolagus_cuniculus,1,n,n,,
avtar_168,p2,20-Aug-25,2:26:45,8210005,,,1,n,n,,Eyes moving in background 
avtar_168,p2,20-Aug-25,3:37:48,8220007,rabbit,Oryctolagus_cuniculus,1,n,n,,
avtar_168,d,19-Aug-25,20:47:59,8190001,north_american_deermouse,Peromyscus_maniculatus,1,n,n,,
avtar_168,d,20-Aug-25,21:29:42,8200003,north_american_deermouse,Peromyscus_maniculatus,1,y,n,,
avtar_168,d,20-Aug-25,23:08:36,8200004,north_american_deermouse,Peromyscus_maniculatus,1,y,n,,
avtar_168,d,21-Aug-25,21:14:08,8210005,north_american_deermouse,Peromyscus_maniculatus,1,y,n,,
avtar_168,d,21-Aug-25,21:23:07,8210006,north_american_deermouse,Peromyscus_maniculatus,1,n,n,,
avtar_168,d,21-Aug-25,23:25:06,8210007,north_american_deermouse,Peromyscus_maniculatus,1,n,n,,
avtar_168,d,21-Aug-25,23:32:18,8210008,,,1,n,n,,Likely deermouse 
surjit_168,p1,20-Aug-25,1:21:36,8200002,rabbit,Oryctolagus_cuniculus,1,y,n,,
surjit_168,p1,22-Aug-25,1:03:32,8220003,rabbit,Oryctolagus_cuniculus,1,y,n,,
surjit_168,p2,20-Aug-25,22:20:40,8200002,rabbit,Oryctolagus_cuniculus,1,n,n,,
surjit_168,p2,20-Aug-25,22:30:31,8200003,north_american_deermouse,Peromyscus_maniculatus,1,y,n,,
surjit_168,p2,20-Aug-25,22:37:53,8200004,north_american_deermouse,Peromyscus_maniculatus,1,y,n,,
surjit_168,p2,21-Aug-25,4:25:01,8210005,north_american_deermouse,Peromyscus_maniculatus,1,y,n ,,
surjit_168,p2,21-Aug-25,4:27:02,8210006,north_american_deermouse,Peromyscus_maniculatus,1,y,n ,,
surjit_168,p2,21-Aug-25,21:55:02,8210007,north_american_deermouse,Peromyscus_maniculatus,1,y,n ,,
surjit_168,p2,21-Aug-25,22:23:33,8210008,north_american_deermouse,Peromyscus_maniculatus,1,y,n ,,
surjit_168,p2,21-Aug-25,22:41:23,8210009,north_american_deermouse,Peromyscus_maniculatus,1,y,n ,,
surjit_168,p2,21-Aug-25,22:42:38,8210010,north_american_deermouse,Peromyscus_maniculatus,1,n,n ,,
surjit_168,p2,22-Aug-25,0:14:10,8220011,north_american_deermouse,Peromyscus_maniculatus,1,y,n ,,
surjit_168,p2,22-Aug-25,0:16:23,8220012,north_american_deermouse,Peromyscus_maniculatus,1,y,n ,,
surjit_168,p2,22-Aug-25,1:02:15,8220013,north_american_deermouse,Peromyscus_maniculatus,1,y,n ,,
surjit_168,p2,22-Aug-25,1:07:17,8220014,north_american_deermouse,Peromyscus_maniculatus,1,y,n ,,
surjit_168,p2,22-Aug-25,1:25:06,8220015,north_american_deermouse,Peromyscus_maniculatus,1,y,n ,,
surjit_168,p2,22-Aug-25,1:35:18,8220016,north_american_deermouse,Peromyscus_maniculatus,1,y,n ,,
surjit_168,p2,22-Aug-25,1:58:14,8220017,north_american_deermouse,Peromyscus_maniculatus,1,y,n ,,
surjit_168,p2,22-Aug-25,2:06:23,8220018,north_american_deermouse,Peromyscus_maniculatus,1,n,n ,,
surjit_168,p2,22-Aug-25,2:18:11,8220019,north_american_deermouse,Peromyscus_maniculatus,1,y,n ,,
surjit_168,p2,22-Aug-25,2:20:15,8220020,north_american_deermouse,Peromyscus_maniculatus,1,y,n ,,
surjit_168,p2,22-Aug-25,2:25:53,8220021,north_american_deermouse,Peromyscus_maniculatus,1,y,n ,,
surjit_168,p2,22-Aug-25,2:41:45,8220022,north_american_deermouse,Peromyscus_maniculatus,1,y,n ,,
surjit_168,p2,22-Aug-25,2:54:54,8220024,north_american_deermouse,Peromyscus_maniculatus,1,y,n ,,
surjit_168,p2,22-Aug-25,2:57:41,8220025,north_american_deermouse,Peromyscus_maniculatus,2,n,n ,,
surjit_168,p2,22-Aug-25,3:22:00,8220026,north_american_deermouse,Peromyscus_maniculatus,1,n,n ,,
surjit_168,p2,22-Aug-25,3:26:45,8220027,north_american_deermouse,Peromyscus_maniculatus,1,y,n ,,
surjit_168,p2,22-Aug-25,3:27:53,8220028,north_american_deermouse,Peromyscus_maniculatus,1,y,n ,,
surjit_168,p2,22-Aug-25,3:29:15,8220029,north_american_deermouse,Peromyscus_maniculatus,1,y,n ,,
surjit_168,p2,22-Aug-25,3:30:29,8220030,north_american_deermouse,Peromyscus_maniculatus,1,n,n ,,
surjit_168,p2,22-Aug-25,3:59:52,8220031,north_american_deermouse,Peromyscus_maniculatus,1,n,n ,,
surjit_168,p2,22-Aug-25,4:05:32,8220032,north_american_deermouse,Peromyscus_maniculatus,1,y,n ,,
surjit_168,p2,22-Aug-25,4:06:53,8220033,north_american_deermouse,Peromyscus_maniculatus,2,y,n ,,
surjit_168,p2,22-Aug-25,4:08:14,8220034,north_american_deermouse,Peromyscus_maniculatus,2,y,n ,,
surjit_168,p2,22-Aug-25,4:20:40,8220035,north_american_deermouse,Peromyscus_maniculatus,1,n,n ,,
surjit_168,p2,22-Aug-25,4:21:58,8220036,north_american_deermouse,Peromyscus_maniculatus,1,y,n ,,
surjit_168,p2,22-Aug-25,4:43:57,8220038,north_american_deermouse,Peromyscus_maniculatus,1,y,n ,,
surjit_168,p2,22-Aug-25,4:45:45,8220039,north_american_deermouse,Peromyscus_maniculatus,1,y,n ,,
surjit_168,p2,22-Aug-25,5:13:18,8220040,north_american_deermouse,Peromyscus_maniculatus,1,y,n ,,
surjit_168,p2,22-Aug-25,5:31:26,8220041,north_american_deermouse,Peromyscus_maniculatus,1,y,n ,,
surjit_168,d,19-Aug-25,23:19:29,8190002,rat,Rattus_sp,1,n,n ,,
surjit_168,d,20-Aug-25,4:34:06,8200003,rat,Rattus_sp,1,n,n ,,
surjit_168,d,21-Aug-25,0:49:03,8210004,raccoon,Procyon_lotor,1,y,n ,,
surjit_168,d,21-Aug-25,0:50:18,8210005,raccoon,Procyon_lotor,1,y,n ,,
surjit_168,d,21-Aug-25,0:51:33,8210006,raccoon,Procyon_lotor,1,y,n ,,
surjit_168,d,21-Aug-25,0:52:49,8210007,raccoon,Procyon_lotor,1,y,n ,,
surjit_168,d,21-Aug-25,0:54:04,8210008,raccoon,Procyon_lotor,1,y,n ,,
surjit_168,d,21-Aug-25,1:54:09,8210009,rat,Rattus_sp,1,n,n ,,
surjit_168,d,21-Aug-25,1:55:28,8210010,rat,Rattus_sp,1,y,n ,,
surjit_168,d,21-Aug-25,2:06:04,8210011,rat,Rattus_sp,1,y,n ,,
surjit_168,d,21-Aug-25,2:08:02,8210012,rat,Rattus_sp,1,y,n ,,
surjit_168,d,21-Aug-25,2:15:44,8210013,rat,Rattus_sp,1,y,n ,,
surjit_168,d,21-Aug-25,2:17:05,8210014,rat,Rattus_sp,1,y,n ,,
surjit_168,d,21-Aug-25,2:43:57,8210016,rat,Rattus_sp,1,y,n ,,
surjit_168,d,21-Aug-25,2:45:21,8210017,rat,Rattus_sp,1,y,n ,,
surjit_168,d,21-Aug-25,2:46:49,8210018,rat,Rattus_sp,1,y,n ,,
surjit_168,d,21-Aug-25,2:49:40,8210020,rat,Rattus_sp,1,y,n ,,
surjit_168,d,21-Aug-25,2:53:30,8210021,rat,Rattus_sp,1,n,y,,
surjit_168,d,21-Aug-25,2:54:47,8210022,rat,Rattus_sp,1,y,n ,,
surjit_168,d,21-Aug-25,3:05:24,8210023,rat,Rattus_sp,1,y,n ,,
surjit_168,d,21-Aug-25,3:06:37,8210024,rat,Rattus_sp,1,y,n ,,
surjit_168,d,21-Aug-25,3:09:15,8210025,rat,Rattus_sp,1,y,n ,,
surjit_168,d,21-Aug-25,3:10:29,8210026,rat,Rattus_sp,1,y,n ,,
surjit_168,d,21-Aug-25,3:16:28,8210027,rat,Rattus_sp,1,y,n ,,
surjit_168,d,21-Aug-25,3:32:44,8210028,coyote,Canis_latrans,1,n,n ,,
surjit_168,d,21-Aug-25,21:40:49,8210030,rat,Rattus_sp,1,y,n ,,
surjit_168,d,21-Aug-25,21:42:06,8210031,rat,Rattus_sp,1,y,n ,,
surjit_168,d,22-Aug-25,0:01:53,8220032,rat,Rattus_sp,1,y,n ,,
surjit_168,d,22-Aug-25,1:56:32,8220033,rat,Rattus_sp,1,y,n ,,
surjit_168,d,22-Aug-25,1:57:51,8220034,rat,Rattus_sp,1,y,n ,,
surjit_168,d,22-Aug-25,1:59:09,8220035,rat,Rattus_sp,1,y,n ,,
surjit_168,d,22-Aug-25,2:00:28,8220036,rat,Rattus_sp,1,n,n ,,
surjit_168,d,22-Aug-25,2:01:54,8220037,rat,Rattus_sp,1,n,n ,,
surjit_168,d,22-Aug-25,3:22:24,8220039,rat,Rattus_sp,1,y,n ,,
surjit_168,d,22-Aug-25,3:23:40,8220040,rat,Rattus_sp,1,y,n ,,
surjit_168,d,22-Aug-25,3:24:59,8220041,rat,Rattus_sp,1,y,n ,,
surjit_168,d,22-Aug-25,3:26:22,8220042,rat,Rattus_sp,1,y,n ,,
gwb_neaves,p1,19-Aug-25,22:08:28,8190001,north_american_deermouse,Peromyscus_maniculatus,1,n,n ,,
gwb_neaves,p1,19-Aug-25,23:25:39,8190002,north_american_deermouse,Peromyscus_maniculatus,1,n,n ,,
gwb_neaves,p1,20-Aug-25,0:16:56,8200003,north_american_deermouse,Peromyscus_maniculatus,1,n,n ,,
gwb_neaves,p1,20-Aug-25,2:03:57,8200004,north_american_deermouse,Peromyscus_maniculatus,1,y,n ,,
gwb_neaves,p1,20-Aug-25,6:04:56,8200005,bird,Aves,1,n,n ,,
gwb_neaves,p1,21-Aug-25,22:14:13,8200006,north_american_deermouse,Peromyscus_maniculatus,1,y,n ,,
gwb_neaves,p1,21-Aug-25,22:12:07,8210008,north_american_deermouse,Peromyscus_maniculatus,1,n,n ,,
gwb_neaves,p1,21-Aug-25,22:14:13,8210009,north_american_deermouse,Peromyscus_maniculatus,1,y,n ,,
gwb_neaves,p1,22-Aug-25,4:15:43,8220010,north_american_deermouse,Peromyscus_maniculatus,1,n,n ,,
gwb_neaves,p2,19-Aug-25,21:32:41,8190001,north_american_deermouse,Peromyscus_maniculatus,1,n,n ,,
gwb_neaves,p2,20-Aug-25,1:00:00,8200002,north_american_deermouse,Peromyscus_maniculatus,1,n,n ,,
gwb_neaves,p2,20-Aug-25,23:57:51,8200003,north_american_deermouse,Peromyscus_maniculatus,1,n,n ,,
gwb_neaves,p2,20-Aug-25,23:59:08,8200004,north_american_deermouse,Peromyscus_maniculatus,1,n,n ,deermouse eating on back legs,
gwb_neaves,p2,21-Aug-25,0:09:25,8210005,north_american_deermouse,Peromyscus_maniculatus,1,n,n ,,
gwb_neaves,p2,21-Aug-25,0:19:43,8210006,north_american_deermouse,Peromyscus_maniculatus,1,y,n ,,
gwb_neaves,p2,21-Aug-25,0:21:24,8210007,north_american_deermouse,Peromyscus_maniculatus,1,y,n ,,
gwb_neaves,p2,21-Aug-25,0:22:45,8210008,north_american_deermouse,Peromyscus_maniculatus,1,n,n ,,
gwb_neaves,p2,21-Aug-25,0:23:58,8210009,north_american_deermouse,Peromyscus_maniculatus,1,y,n ,,
gwb_neaves,p2,21-Aug-25,0:26:55,8210010,north_american_deermouse,Peromyscus_maniculatus,1,y,n ,,
gwb_neaves,p2,21-Aug-25,1:05:59,8210011,north_american_deermouse,Peromyscus_maniculatus,1,y,n ,,
gwb_neaves,p2,21-Aug-25,1:10:12,8210013,,,1,n,n ,,Most likely deermouse
gwb_neaves,p2,21-Aug-25,1:11:35,8210014,north_american_deermouse,Peromyscus_maniculatus,1,y,n ,,
gwb_neaves,p2,21-Aug-25,1:13:00,8210015,north_american_deermouse,Peromyscus_maniculatus,1,y,n ,,
gwb_neaves,p2,21-Aug-25,1:14:28,8210016,north_american_deermouse,Peromyscus_maniculatus,1,y,n ,,
gwb_neaves,p2,21-Aug-25,4:44:39,8210017,north_american_deermouse,Peromyscus_maniculatus,1,y,n ,,
gwb_neaves,p2,21-Aug-25,4:50:53,8210018,north_american_deermouse,Peromyscus_maniculatus,1,y,n ,,
gwb_neaves,p2,21-Aug-25,4:52:28,8210019,north_american_deermouse,Peromyscus_maniculatus,1,y,n ,,
gwb_neaves,p2,21-Aug-25,5:05:18,8210020,north_american_deermouse,Peromyscus_maniculatus,1,y,n ,,
gwb_neaves,p2,23-Aug-25,0:41:11,8230024,north_american_deermouse,Peromyscus_maniculatus,1,y,n ,,
gwb_neaves,p2,23-Aug-25,0:42:29,8230025,north_american_deermouse,Peromyscus_maniculatus,1,y,n ,,
gwb_neaves,p2,23-Aug-25,0:43:46,8230026,north_american_deermouse,Peromyscus_maniculatus,1,y,n ,,
gwb_neaves,p2,23-Aug-25,0:45:06,8230027,north_american_deermouse,Peromyscus_maniculatus,1,n,n ,,
gwb_neaves,p2,23-Aug-25,3:41:54,8230028,north_american_deermouse,Peromyscus_maniculatus,1,y,n ,,
gwb_neaves,p2,23-Aug-25,3:43:56,8230029,north_american_deermouse,Peromyscus_maniculatus,1,n,n ,,
gwb_neaves,d,19-Aug-25,23:33:54,8190003,north_american_deermouse,Peromyscus_maniculatus,1,n,n ,,
gwb_neaves,d,21-Aug-25,22:18:55,8210004,coyote,Canis_latrans,1,y,n ,,